Distrito;Ponto Estratégico;Pesquisa de Armadilhas;Bloqueio - Controle Criadouro;Bloqueio - Nebulização;Arrastão;Imóveis Especiais;Criadouros Específicos;Casa a Casa - Rotina;Casa a Casa - Intensificação;Outros;ADL;Atendimento à Solicitação;Total Geral;Ano
TOTAL 2012;21.914 ;;590.017 ;34.574 ;9.945 ;12.881 ;1.879 ;1.901.021 ;27.476 ;14.595 ;188.186 ;11.763 ;2.814.251 ;2012
Água Rasa;295 ;;2.586 ;120 ;19 ;;;33.978 ;1 ;;1.645 ;245 ;38.889 ;2012
Alto de Pinheiros;;;484 ;230 ;;;;4.930 ;81 ;144 ;1.112 ;15 ;6.996 ;2012
Anhanguera;143 ;;2.029 ;61 ;;41 ;39 ;17.267 ;278 ;13 ;3.966 ;21 ;23.858 ;2012
Aricanduva;152 ;;5.189 ;31 ;14 ;;;16.737 ;48 ;;2.050 ;152 ;24.373 ;2012
Artur Alvim;328 ;;10.369 ;493 ;19 ;472 ;2 ;36.093 ;181 ;8 ;1.815 ;150 ;49.930 ;2012
Barra Funda;66 ;;611 ;43 ;12 ;27 ;;3.911 ;99 ;40 ;1.021 ;45 ;5.875 ;2012
Bela Vista;32 ;;1.583 ;89 ;;32 ;;561 ;;;655 ;57 ;3.009 ;2012
Belém;69 ;;2.572 ;66 ;;;11 ;14.086 ;105 ;;1.834 ;94 ;18.837 ;2012
Bom Retiro;45 ;;1.700 ;53 ;132 ;25 ;17 ;725 ;;;1.655 ;46 ;4.398 ;2012
Brás;22 ;;2.077 ;64 ;;;20 ;10.607 ;76 ;;1.993 ;72 ;14.931 ;2012
Brasilândia;470 ;;17.374 ;2.912 ;1.262 ;789 ;37 ;72.097 ;5.375 ;1.066 ;3.024 ;206 ;104.612 ;2012
Butantã;280 ;;1.229 ;134 ;;33 ;;3.512 ;18 ;;1.889 ;65 ;7.160 ;2012
Cachoeirinha;685 ;;11.767 ;376 ;;223 ;;19.209 ;253 ;;1.890 ;111 ;34.514 ;2012
Cambuci;62 ;;1.149 ;77 ;;12 ;;100 ;;;1.613 ;38 ;3.051 ;2012
Campo Belo;87 ;;1.815 ;312 ;;107 ;;9.822 ;;102 ;1.421 ;104 ;13.770 ;2012
Campo Grande;133 ;;1.437 ;168 ;41 ;240 ;;27.956 ;5 ;;1.617 ;136 ;31.733 ;2012
Campo Limpo;592 ;;16.329 ;634 ;;59 ;997 ;11.531 ;348 ;7 ;3.246 ;226 ;33.969 ;2012
Cangaíba;359 ;;14.526 ;409 ;7 ;431 ;7 ;39.877 ;603 ;10 ;2.139 ;130 ;58.498 ;2012
Capão Redondo;763 ;;25.401 ;1.477 ;836 ;107 ;261 ;31.265 ;1.523 ;32 ;2.992 ;236 ;64.893 ;2012
Carrão;119 ;;4.746 ;304 ;3.316 ;9 ;;14.986 ;;;1.690 ;184 ;25.354 ;2012
Casa Verde;242 ;;6.893 ;173 ;;170 ;;16.582 ;719 ;;2.025 ;110 ;26.914 ;2012
Cidade Ademar;192 ;;13.623 ;638 ;120 ;341 ;18 ;84.170 ;82 ;169 ;1.970 ;327 ;101.650 ;2012
Cidade Dutra;243 ;;8.906 ;821 ;;53 ;;12.580 ;88 ;1.216 ;1.725 ;193 ;25.825 ;2012
Cidade Líder;279 ;;3.164 ;93 ;;516 ;34 ;18.565 ;58 ;;2.509 ;82 ;25.300 ;2012
Cidade Tiradentes;231 ;;4.196 ;116 ;2 ;223 ;;26.904 ;36 ;20 ;1.501 ;14 ;33.243 ;2012
Consolação;23 ;;1.170 ;38 ;3 ;12 ;;570 ;;;555 ;69 ;2.440 ;2012
Cursino;100 ;;6.129 ;130 ;8 ;;7 ;22.335 ;31 ;1 ;2.144 ;151 ;31.036 ;2012
Ermelino Matarazzo;379 ;;7.600 ;297 ;43 ;168 ;13 ;18.083 ;75 ;2 ;1.600 ;18 ;28.278 ;2012
Freguesia do Ó;231 ;;6.322 ;581 ;39 ;716 ;26 ;61.798 ;559 ;;2.665 ;150 ;73.087 ;2012
Grajaú;417 ;;6.766 ;564 ;;74 ;;23.357 ;134 ;1.915 ;2.249 ;212 ;35.688 ;2012
Guaianases;374 ;;10.849 ;889 ;538 ;94 ;;18.299 ;1.376 ;151 ;1.883 ;49 ;34.502 ;2012
Iguatemi;251 ;;6.135 ;440 ;;254 ;112 ;16.818 ;52 ;73 ;1.759 ;50 ;25.944 ;2012
Ipiranga;102 ;;4.849 ;144 ;11 ;;;36.427 ;175 ;;1.919 ;177 ;43.804 ;2012
Itaim Bibi;3 ;;1.109 ;187 ;;22 ;;3.566 ;;77 ;919 ;117 ;6.000 ;2012
Itaim Paulista;907 ;;18.394 ;422 ;1.171 ;604 ;26 ;44.431 ;2.063 ;170 ;2.561 ;71 ;70.820 ;2012
Itaquera;452 ;;4.458 ;126 ;21 ;808 ;;36.092 ;166 ;;2.027 ;351 ;44.501 ;2012
Jabaquara;129 ;;29.363 ;1.584 ;20 ;164 ;3 ;61.910 ;1.745 ;;2.680 ;244 ;97.842 ;2012
Jaçanã;401 ;;1.449 ;17 ;;51 ;42 ;29.663 ;88 ;;2.479 ;28 ;34.218 ;2012
Jaguara;109 ;;2.102 ;56 ;;4 ;;4.125 ;54 ;62 ;2.227 ;34 ;8.773 ;2012
Jaguaré;64 ;;1.305 ;144 ;;14 ;;3.334 ;421 ;220 ;2.339 ;29 ;7.870 ;2012
Jaraguá;645 ;;6.852 ;472 ;9 ;22 ;;23.268 ;131 ;79 ;2.333 ;127 ;33.938 ;2012
Jardim Ângela;871 ;;31.416 ;2.419 ;1.083 ;420 ;;13.795 ;309 ;40 ;3.480 ;526 ;54.359 ;2012
Jardim Helena;143 ;;8.064 ;170 ;;;;432 ;434 ;46 ;1.488 ;14 ;10.791 ;2012
Jardim Paulista;22 ;;1.544 ;296 ;;16 ;;3.039 ;43 ;260 ;657 ;102 ;5.979 ;2012
Jardim São Luís;690 ;;20.059 ;1.106 ;11 ;501 ;;15.021 ;198 ;27 ;2.731 ;491 ;40.835 ;2012
José Bonifácio;235 ;;1.571 ;45 ;18 ;465 ;4 ;20.394 ;97 ;;1.506 ;241 ;24.576 ;2012
Lajeado;445 ;;4.659 ;474 ;217 ;71 ;;35.286 ;592 ;129 ;2.177 ;82 ;44.132 ;2012
Lapa;70 ;;1.979 ;164 ;;24 ;;8.747 ;11 ;279 ;1.723 ;105 ;13.102 ;2012
Liberdade;72 ;;3.070 ;106 ;;12 ;;520 ;;;774 ;65 ;4.619 ;2012
Limão;450 ;;6.471 ;115 ;38 ;120 ;;11.183 ;25 ;;1.836 ;133 ;20.371 ;2012
Mandaqui;140 ;;9.385 ;544 ;;43 ;;8.947 ;19 ;;3.022 ;138 ;22.238 ;2012
Marsilac;4 ;;39 ;30 ;;5 ;;;;6 ;544 ;2 ;630 ;2012
Moema;1 ;;990 ;22 ;;21 ;;1.984 ;;;1.173 ;90 ;4.281 ;2012
Moóca;73 ;;2.008 ;129 ;;;;12.379 ;487 ;;1.424 ;149 ;16.649 ;2012
Morumbi;107 ;;617 ;17 ;;33 ;;576 ;5 ;;1.246 ;19 ;2.620 ;2012
Parelheiros;362 ;;11.198 ;1.807 ;;150 ;;9.929 ;42 ;5.199 ;1.913 ;80 ;30.680 ;2012
Pari;37 ;;3.567 ;215 ;19 ;;;8.437 ;;;1.850 ;24 ;14.149 ;2012
Parque do Carmo;183 ;;1.379 ;12 ;13 ;370 ;;17.517 ;59 ;;1.950 ;184 ;21.667 ;2012
Pedreira;131 ;;4.093 ;294 ;29 ;285 ;;38.276 ;118 ;141 ;1.767 ;181 ;45.315 ;2012
Penha;390 ;;10.723 ;81 ;3 ;175 ;;53.008 ;416 ;;2.282 ;208 ;67.286 ;2012
Perdizes;3 ;;2.220 ;363 ;;18 ;;8.452 ;27 ;398 ;1.169 ;149 ;12.799 ;2012
Perus;125 ;;3.048 ;103 ;92 ;144 ;;14.564 ;249 ;;3.450 ;28 ;21.803 ;2012
Pinheiros;5 ;;1.392 ;209 ;;10 ;;3.716 ;;372 ;1.122 ;107 ;6.933 ;2012
Pirituba;368 ;;8.067 ;349 ;1 ;;;26.556 ;69 ;114 ;2.477 ;83 ;38.084 ;2012
Ponte Rasa;287 ;;8.545 ;608 ;60 ;93 ;;11.696 ;58 ;;1.558 ;24 ;22.929 ;2012
Raposo Tavares;357 ;;2.461 ;88 ;;28 ;;23.951 ;403 ;4 ;1.910 ;17 ;29.219 ;2012
República;1 ;;887 ;103 ;;24 ;;1.081 ;;;698 ;49 ;2.843 ;2012
Rio Pequeno;403 ;;3.519 ;188 ;11 ;42 ;;12.139 ;;;1.899 ;28 ;18.229 ;2012
Sacomã;194 ;;8.366 ;235 ;9 ;1 ;17 ;46.394 ;35 ;262 ;2.104 ;282 ;57.899 ;2012
Santa Cecília;82 ;;2.270 ;43 ;41 ;42 ;13 ;7.654 ;16 ;;947 ;94 ;11.202 ;2012
Santana;253 ;;7.475 ;111 ;1 ;94 ;;12.434 ;45 ;;2.199 ;205 ;22.817 ;2012
Santo Amaro;136 ;;1.923 ;55 ;;270 ;;21.339 ;;122 ;1.801 ;204 ;25.850 ;2012
São Domingos;268 ;;4.873 ;240 ;3 ;31 ;;18.906 ;84 ;77 ;2.838 ;63 ;27.383 ;2012
São Lucas;138 ;;2.994 ;213 ;;27 ;;39.981 ;123 ;102 ;1.757 ;162 ;45.497 ;2012
São Mateus;362 ;;6.433 ;1.053 ;;354 ;60 ;30.298 ;77 ;45 ;2.133 ;107 ;40.922 ;2012
São Miguel;182 ;;5.641 ;160 ;;13 ;;8.026 ;494 ;779 ;1.566 ;6 ;16.867 ;2012
São Rafael;208 ;;7.167 ;955 ;8 ;282 ;102 ;21.022 ;184 ;226 ;1.789 ;97 ;32.040 ;2012
Sapopemba;371 ;;7.027 ;1.136 ;40 ;96 ;;133.352 ;321 ;26 ;1.838 ;225 ;144.432 ;2012
Saúde;6 ;;10.083 ;531 ;;30 ;;12.838 ;39 ;;2.244 ;154 ;25.925 ;2012
Sé;12 ;;1.292 ;59 ;;3 ;;308 ;;;1.337 ;19 ;3.030 ;2012
Socorro;77 ;;77 ;41 ;;11 ;;1.288 ;24 ;175 ;1.629 ;55 ;3.377 ;2012
Tatuapé;73 ;;2.648 ;134 ;;;;11.542 ;105 ;;1.453 ;156 ;16.111 ;2012
Tremembé;419 ;;4.707 ;14 ;;21 ;;22.327 ;372 ;;2.475 ;71 ;30.406 ;2012
Tucuruvi;152 ;;10.833 ;310 ;;30 ;;11.737 ;49 ;;4.045 ;238 ;27.394 ;2012
Vila Andrade;137 ;;1.687 ;57 ;;22 ;;616 ;4 ;;3.003 ;109 ;5.635 ;2012
Vila Curuçá;653 ;;13.142 ;671 ;114 ;446 ;11 ;42.942 ;3.107 ;3 ;2.982 ;59 ;64.130 ;2012
Vila Formosa;83 ;;3.062 ;169 ;21 ;18 ;;17.599 ;1 ;2 ;1.902 ;168 ;23.025 ;2012
Vila Guilherme;178 ;;4.115 ;44 ;;174 ;;14.375 ;108 ;;2.752 ;60 ;21.806 ;2012
Vila Jacuí;213 ;;5.238 ;149 ;10 ;4 ;;3.467 ;589 ;44 ;1.491 ;14 ;11.219 ;2012
Vila Leopoldina;94 ;;1.213 ;3 ;;10 ;;4.078 ;108 ;70 ;1.557 ;80 ;7.213 ;2012
Vila Maria;340 ;;8.366 ;446 ;10 ;264 ;;17.788 ;85 ;;2.829 ;86 ;30.214 ;2012
Vila Mariana;5 ;;7.108 ;354 ;;61 ;;5.049 ;110 ;;1.660 ;153 ;14.500 ;2012
Vila Matilde;236 ;;14.987 ;267 ;419 ;325 ;;48.770 ;289 ;;2.252 ;137 ;67.682 ;2012
Vila Medeiros;228 ;;10.934 ;447 ;;217 ;;17.359 ;285 ;;2.576 ;99 ;32.145 ;2012
Vila Prudente;87 ;;2.776 ;423 ;13 ;37 ;;22.799 ;86 ;62 ;2.004 ;349 ;28.636 ;2012
Vila Sônia;276 ;;4.002 ;212 ;18 ;11 ;;12.981 ;28 ;8 ;1.861 ;56 ;19.453 ;2012
TOTAL 2013;24.111 ;;1.072.589 ;100.114 ;40.821 ;16.824 ;705 ;1.824.035 ;21.035 ;20.908 ;190.356 ;14.030 ;3.325.528 ;2013
Água Rasa;322 ;;7.397 ;557 ;;;;24.054 ;34 ;;1.697 ;178 ;34.239 ;2013
Alto de Pinheiros;5 ;;1.688 ;284 ;;;7 ;1.093 ;;64 ;1.245 ;98 ;4.484 ;2013
Anhanguera;210 ;;4.325 ;377 ;6 ;58 ;112 ;23.647 ;118 ;17 ;3.496 ;39 ;32.405 ;2013
Aricanduva;195 ;;7.963 ;356 ;11 ;55 ;;17.510 ;31 ;1 ;1.749 ;178 ;28.049 ;2013
Artur Alvim;316 ;;23.047 ;507 ;20 ;879 ;;43.951 ;95 ;1 ;1.714 ;82 ;70.612 ;2013
Barra Funda;5 ;;560 ;44 ;;;;713 ;26 ;51 ;876 ;41 ;2.316 ;2013
Bela Vista;37 ;;3.440 ;548 ;;47 ;;1.258 ;;;510 ;89 ;5.929 ;2013
Belém;58 ;;7.409 ;407 ;2.090 ;2 ;48 ;19.765 ;21 ;;1.689 ;146 ;31.635 ;2013
Bom Retiro;54 ;;3.174 ;322 ;;35 ;;1.760 ;;;2.047 ;54 ;7.446 ;2013
Brás;14 ;;4.163 ;66 ;1.333 ;;;12.344 ;35 ;;1.997 ;62 ;20.014 ;2013
Brasilândia;593 ;;24.184 ;3.213 ;48 ;962 ;;56.910 ;310 ;167 ;3.322 ;131 ;89.840 ;2013
Butantã;271 ;;4.845 ;415 ;;105 ;;5.564 ;109 ;67 ;1.794 ;9 ;13.179 ;2013
Cachoeirinha;570 ;;18.408 ;924 ;13 ;264 ;;18.642 ;1.538 ;10 ;2.619 ;110 ;43.098 ;2013
Cambuci;61 ;;3.697 ;372 ;;28 ;;1.095 ;43 ;;1.753 ;70 ;7.119 ;2013
Campo Belo;130 ;;3.999 ;430 ;;111 ;;12.626 ;;293 ;1.211 ;134 ;18.934 ;2013
Campo Grande;156 ;;4.088 ;559 ;688 ;225 ;;12.858 ;;600 ;1.428 ;133 ;20.735 ;2013
Campo Limpo;772 ;;32.273 ;4.676 ;;50 ;35 ;22.609 ;1.564 ;12 ;3.526 ;245 ;65.762 ;2013
Cangaíba;474 ;;38.209 ;2.322 ;4.562 ;659 ;;51.990 ;405 ;1 ;2.303 ;185 ;101.110 ;2013
Capão Redondo;1.010 ;;56.704 ;6.419 ;19 ;28 ;16 ;11.057 ;2.839 ;260 ;3.669 ;323 ;82.344 ;2013
Carrão;153 ;;8.699 ;577 ;;1 ;;22.152 ;18 ;;2.072 ;194 ;33.866 ;2013
Casa Verde;199 ;;6.477 ;775 ;40 ;160 ;;14.674 ;485 ;3 ;2.617 ;207 ;25.637 ;2013
Cidade Ademar;260 ;;23.543 ;2.560 ;13.523 ;398 ;;54.116 ;38 ;1.675 ;1.646 ;295 ;98.054 ;2013
Cidade Dutra;204 ;;10.063 ;1.847 ;;141 ;;7.791 ;42 ;2.863 ;1.820 ;262 ;25.033 ;2013
Cidade Líder;263 ;;6.187 ;589 ;18 ;393 ;;19.600 ;92 ;;2.643 ;256 ;30.041 ;2013
Cidade Tiradentes;348 ;;9.730 ;532 ;8 ;497 ;18 ;32.111 ;321 ;82 ;1.675 ;46 ;45.368 ;2013
Consolação;30 ;;2.744 ;354 ;;26 ;;2.335 ;;;615 ;63 ;6.167 ;2013
Cursino;149 ;;10.456 ;1.364 ;888 ;;16 ;26.271 ;173 ;763 ;1.389 ;255 ;41.724 ;2013
Ermelino Matarazzo;402 ;;7.105 ;743 ;3.534 ;111 ;;18.501 ;378 ;;1.886 ;3 ;32.663 ;2013
Freguesia do Ó;304 ;;13.324 ;1.630 ;6 ;694 ;;39.676 ;547 ;;2.564 ;120 ;58.865 ;2013
Grajaú;289 ;;11.630 ;1.849 ;;128 ;;13.598 ;128 ;5.229 ;2.265 ;462 ;35.578 ;2013
Guaianases;528 ;;13.973 ;3.612 ;54 ;34 ;;28.359 ;192 ;118 ;2.196 ;23 ;49.089 ;2013
Iguatemi;212 ;;3.218 ;405 ;11 ;273 ;73 ;19.192 ;28 ;229 ;2.323 ;66 ;26.030 ;2013
Ipiranga;134 ;;14.857 ;1.076 ;20 ;;1 ;23.276 ;23 ;17 ;2.095 ;190 ;41.689 ;2013
Itaim Bibi;1 ;;2.578 ;102 ;;;;2.027 ;127 ;35 ;1.009 ;142 ;6.021 ;2013
Itaim Paulista;1.098 ;;28.916 ;1.921 ;44 ;807 ;141 ;63.013 ;2.772 ;4 ;2.120 ;107 ;100.943 ;2013
Itaquera;365 ;;15.934 ;1.017 ;7 ;805 ;;43.068 ;182 ;;2.186 ;670 ;64.234 ;2013
Jabaquara;209 ;;30.741 ;2.227 ;979 ;132 ;20 ;79.160 ;448 ;;2.817 ;292 ;117.025 ;2013
Jaçanã;373 ;;8.212 ;435 ;33 ;89 ;19 ;21.826 ;203 ;13 ;2.311 ;70 ;33.584 ;2013
Jaguara;10 ;;3.182 ;129 ;;15 ;;477 ;33 ;170 ;2.056 ;12 ;6.084 ;2013
Jaguaré;11 ;;4.044 ;261 ;;;;963 ;84 ;73 ;1.529 ;46 ;7.011 ;2013
Jaraguá;741 ;;10.484 ;1.710 ;;22 ;3 ;7.213 ;91 ;85 ;2.209 ;315 ;22.873 ;2013
Jardim Ângela;693 ;;46.579 ;6.801 ;826 ;490 ;;15.974 ;141 ;358 ;3.416 ;285 ;75.563 ;2013
Jardim Helena;133 ;;7.218 ;201 ;;15 ;;4.193 ;155 ;439 ;1.856 ;8 ;14.218 ;2013
Jardim Paulista;;;5.239 ;166 ;;;;1.321 ;50 ;22 ;747 ;120 ;7.665 ;2013
Jardim São Luís;437 ;;31.599 ;4.414 ;325 ;519 ;;6.451 ;63 ;226 ;2.142 ;253 ;46.429 ;2013
José Bonifácio;196 ;;6.548 ;184 ;7 ;401 ;;30.486 ;122 ;13 ;1.442 ;167 ;39.566 ;2013
Lajeado;473 ;;19.907 ;6.028 ;3.562 ;53 ;8 ;43.932 ;38 ;554 ;2.315 ;58 ;76.928 ;2013
Lapa;10 ;;6.558 ;855 ;;;;1.447 ;67 ;351 ;1.808 ;92 ;11.188 ;2013
Liberdade;60 ;;4.437 ;582 ;;24 ;;2 ;;;949 ;126 ;6.180 ;2013
Limão;433 ;;7.671 ;916 ;;163 ;;10.702 ;219 ;69 ;2.902 ;107 ;23.182 ;2013
Mandaqui;173 ;;14.456 ;691 ;;77 ;;4.870 ;20 ;;3.033 ;154 ;23.474 ;2013
Marsilac;6 ;;590 ;2 ;;25 ;;;;1 ;593 ;;1.217 ;2013
Moema;18 ;;3.780 ;103 ;;15 ;;2.212 ;2 ;;1.181 ;105 ;7.416 ;2013
Moóca;85 ;;4.664 ;222 ;81 ;20 ;;9.629 ;;;1.371 ;221 ;16.293 ;2013
Morumbi;117 ;;770 ;115 ;;6 ;;284 ;;;1.184 ;16 ;2.492 ;2013
Parelheiros;684 ;;13.057 ;3.145 ;;289 ;;8.583 ;17 ;2.372 ;2.648 ;136 ;30.931 ;2013
Pari;43 ;;4.789 ;320 ;;;;8.939 ;20 ;;1.567 ;25 ;15.703 ;2013
Parque do Carmo;148 ;;4.017 ;242 ;6 ;327 ;5 ;32.836 ;30 ;;1.801 ;198 ;39.610 ;2013
Pedreira;215 ;;5.824 ;411 ;45 ;338 ;;45.902 ;37 ;2 ;1.697 ;133 ;54.604 ;2013
Penha;281 ;;34.545 ;1.802 ;89 ;410 ;;52.141 ;324 ;2 ;2.349 ;290 ;92.233 ;2013
Perdizes;;;6.677 ;352 ;;;;1.763 ;20 ;273 ;1.087 ;133 ;10.305 ;2013
Perus;219 ;;9.957 ;1.185 ;523 ;196 ;;19.156 ;28 ;2 ;2.866 ;54 ;34.186 ;2013
Pinheiros;3 ;;3.882 ;693 ;;;;1.135 ;28 ;151 ;983 ;152 ;7.027 ;2013
Pirituba;553 ;;12.724 ;402 ;30 ;1 ;;13.202 ;85 ;204 ;2.660 ;209 ;30.070 ;2013
Ponte Rasa;299 ;;9.251 ;414 ;2.058 ;57 ;;9.714 ;1.091 ;4 ;2.161 ;9 ;25.058 ;2013
Raposo Tavares;338 ;;6.331 ;66 ;16 ;87 ;;11.936 ;287 ;;2.269 ;14 ;21.344 ;2013
República;28 ;;2.950 ;453 ;;20 ;;1.057 ;;;684 ;96 ;5.288 ;2013
Rio Pequeno;402 ;;14.830 ;2.693 ;82 ;82 ;;16.642 ;275 ;;1.874 ;8 ;36.888 ;2013
Sacomã;273 ;;18.983 ;2.769 ;2.397 ;;;64.762 ;199 ;1.474 ;1.601 ;164 ;92.622 ;2013
Santa Cecília;99 ;;4.891 ;884 ;56 ;59 ;;4.656 ;24 ;;821 ;122 ;11.612 ;2013
Santana;335 ;;12.361 ;615 ;;170 ;;8.890 ;;;2.991 ;350 ;25.712 ;2013
Santo Amaro;174 ;;4.805 ;197 ;;260 ;;15.187 ;;21 ;1.698 ;120 ;22.462 ;2013
São Domingos;331 ;;7.880 ;213 ;;;;6.579 ;41 ;84 ;3.599 ;383 ;19.110 ;2013
São Lucas;276 ;;7.189 ;614 ;34 ;307 ;;27.270 ;133 ;5 ;2.259 ;347 ;38.434 ;2013
São Mateus;376 ;;3.703 ;304 ;11 ;452 ;15 ;36.167 ;137 ;111 ;2.219 ;129 ;43.624 ;2013
São Miguel;251 ;;7.818 ;388 ;;1 ;;10.608 ;153 ;163 ;1.495 ;4 ;20.881 ;2013
São Rafael;240 ;;3.970 ;620 ;;360 ;74 ;26.754 ;133 ;204 ;2.244 ;76 ;34.675 ;2013
Sapopemba;567 ;;14.641 ;562 ;6 ;859 ;;116.192 ;300 ;108 ;2.028 ;468 ;135.731 ;2013
Saúde;37 ;;10.054 ;213 ;;46 ;;12.139 ;319 ;;2.359 ;253 ;25.420 ;2013
Sé;5 ;;1.586 ;64 ;;5 ;;57 ;;;1.346 ;23 ;3.086 ;2013
Socorro;27 ;;1.096 ;387 ;;34 ;;1.524 ;7 ;500 ;1.615 ;41 ;5.231 ;2013
Tatuapé;75 ;;7.945 ;597 ;2.469 ;45 ;;16.235 ;49 ;;1.457 ;205 ;29.077 ;2013
Tremembé;407 ;;10.149 ;595 ;;43 ;;19.492 ;172 ;36 ;2.538 ;125 ;33.557 ;2013
Tucuruvi;271 ;;13.826 ;659 ;;67 ;;9.651 ;108 ;;4.756 ;190 ;29.528 ;2013
Vila Andrade;176 ;;10.744 ;690 ;;12 ;;44 ;352 ;;2.689 ;122 ;14.829 ;2013
Vila Curuçá;820 ;;28.836 ;2.659 ;94 ;556 ;94 ;50.702 ;828 ;25 ;2.480 ;118 ;87.212 ;2013
Vila Formosa;109 ;;7.390 ;432 ;;;;16.884 ;20 ;;1.640 ;202 ;26.677 ;2013
Vila Guilherme;81 ;;6.708 ;336 ;;136 ;;10.239 ;48 ;;1.566 ;38 ;19.152 ;2013
Vila Jacuí;235 ;;13.468 ;379 ;26 ;;;12.697 ;138 ;99 ;1.490 ;3 ;28.535 ;2013
Vila Leopoldina;6 ;;2.567 ;144 ;;;;1.231 ;7 ;103 ;1.530 ;29 ;5.617 ;2013
Vila Maria;304 ;;19.232 ;870 ;38 ;239 ;;16.682 ;36 ;;1.733 ;40 ;39.174 ;2013
Vila Mariana;110 ;;11.629 ;152 ;20 ;57 ;;10.165 ;394 ;;1.546 ;200 ;24.273 ;2013
Vila Matilde;292 ;;28.669 ;1.164 ;38 ;720 ;;51.934 ;272 ;;2.898 ;142 ;86.129 ;2013
Vila Medeiros;184 ;;18.887 ;1.076 ;;176 ;;19.241 ;197 ;1 ;1.669 ;9 ;41.440 ;2013
Vila Prudente;200 ;;5.630 ;179 ;9 ;347 ;;13.652 ;237 ;28 ;2.047 ;543 ;22.872 ;2013
Vila Sônia;267 ;;3.412 ;381 ;18 ;24 ;;11.047 ;39 ;;1.769 ;12 ;16.969 ;2013
TOTAL 2014;28.527 ;;1.725.641 ;182.146 ;71.059 ;15.644 ;4.109 ;1.515.126 ;72.171 ;43.266 ;154.429 ;17.172 ;3.829.290 ;2014
Água Rasa;352 ;;12.731 ;937 ;39 ;22 ;;33.150 ;61 ;;1.889 ;306 ;49.487 ;2014
Alto de Pinheiros;;;4.313 ;339 ;1.073 ;3 ;;197 ;;;832 ;120 ;6.877 ;2014
Anhanguera;358 ;;9.012 ;450 ;16 ;4 ;19 ;23.605 ;20 ;;2.209 ;23 ;35.716 ;2014
Aricanduva;189 ;;8.501 ;253 ;;21 ;;23.332 ;4 ;8 ;1.977 ;330 ;34.615 ;2014
Artur Alvim;270 ;;33.978 ;789 ;7 ;1.163 ;;16.873 ;110 ;251 ;2.005 ;54 ;55.500 ;2014
Barra Funda;30 ;;308 ;;7 ;1 ;;97 ;;;720 ;50 ;1.213 ;2014
Bela Vista;49 ;;6.116 ;105 ;;29 ;;1.293 ;;;502 ;120 ;8.214 ;2014
Belém;61 ;;6.676 ;440 ;;18 ;;15.687 ;;;1.563 ;132 ;24.577 ;2014
Bom Retiro;68 ;;7.568 ;386 ;;35 ;;5.136 ;;;2.102 ;74 ;15.369 ;2014
Brás;13 ;;4.463 ;65 ;5 ;13 ;;7.074 ;52 ;;1.345 ;72 ;13.102 ;2014
Brasilândia;698 ;;41.400 ;4.348 ;;654 ;32 ;23.677 ;99 ;168 ;2.559 ;97 ;73.732 ;2014
Butantã;167 ;;5.608 ;584 ;7 ;39 ;;2.418 ;24 ;;1.011 ;;9.858 ;2014
Cachoeirinha;534 ;;44.681 ;3.978 ;;310 ;;9.359 ;915 ;8 ;2.017 ;167 ;61.969 ;2014
Cambuci;71 ;;7.306 ;515 ;;12 ;;759 ;;;1.624 ;127 ;10.414 ;2014
Campo Belo;54 ;;6.066 ;970 ;20 ;50 ;;14.249 ;35 ;705 ;1.013 ;170 ;23.332 ;2014
Campo Grande;59 ;;5.817 ;578 ;26 ;118 ;;22.489 ;50 ;383 ;1.062 ;185 ;30.767 ;2014
Campo Limpo;1.041 ;;41.538 ;17.017 ;;18 ;;4.960 ;1.738 ;4 ;2.289 ;276 ;68.881 ;2014
Cangaíba;333 ;;38.500 ;1.325 ;7.407 ;603 ;;21.682 ;41 ;102 ;2.135 ;153 ;72.281 ;2014
Capão Redondo;1.386 ;;49.447 ;19.118 ;;43 ;;2.030 ;2.998 ;324 ;2.481 ;232 ;78.059 ;2014
Carrão;226 ;;14.514 ;981 ;3.588 ;28 ;14 ;14.385 ;;;1.569 ;349 ;35.654 ;2014
Casa Verde;172 ;;15.152 ;1.218 ;;175 ;;17.011 ;1.265 ;23 ;2.099 ;246 ;37.361 ;2014
Cidade Ademar;200 ;;77.466 ;4.757 ;718 ;249 ;;48.570 ;11.081 ;5.487 ;1.746 ;352 ;150.626 ;2014
Cidade Dutra;319 ;;22.550 ;5.921 ;3 ;186 ;;8.487 ;3.719 ;7.455 ;1.684 ;194 ;50.518 ;2014
Cidade Líder;240 ;;16.644 ;551 ;54 ;282 ;;25.498 ;4.055 ;31 ;2.247 ;678 ;50.280 ;2014
Cidade Tiradentes;505 ;;21.787 ;605 ;390 ;459 ;;33.068 ;1.220 ;812 ;1.462 ;83 ;60.391 ;2014
Consolação;75 ;;4.658 ;185 ;208 ;22 ;;6.034 ;60 ;;628 ;117 ;11.987 ;2014
Cursino;256 ;;14.935 ;619 ;30 ;40 ;;20.097 ;396 ;;1.269 ;162 ;37.804 ;2014
Ermelino Matarazzo;517 ;;9.527 ;154 ;6.523 ;88 ;;12.515 ;229 ;5 ;1.748 ;60 ;31.366 ;2014
Freguesia do Ó;326 ;;23.662 ;2.060 ;;492 ;;13.155 ;145 ;2 ;2.279 ;111 ;42.232 ;2014
Grajaú;721 ;;41.419 ;9.979 ;12 ;182 ;2 ;9.215 ;5.084 ;13.631 ;1.438 ;321 ;82.004 ;2014
Guaianases;549 ;;23.966 ;3.756 ;7.019 ;106 ;;31.421 ;731 ;42 ;1.934 ;25 ;69.549 ;2014
Iguatemi;448 ;;6.383 ;627 ;;382 ;95 ;25.736 ;78 ;503 ;1.627 ;94 ;35.973 ;2014
Ipiranga;223 ;;18.283 ;569 ;4 ;14 ;;16.255 ;23 ;;1.589 ;156 ;37.116 ;2014
Itaim Bibi;4 ;;3.715 ;516 ;;20 ;;1 ;;;621 ;216 ;5.093 ;2014
Itaim Paulista;1.240 ;;36.626 ;1.149 ;1.448 ;687 ;1.188 ;64.031 ;6.535 ;92 ;1.889 ;168 ;115.053 ;2014
Itaquera;417 ;;23.822 ;794 ;;535 ;;57.265 ;1.449 ;;2.307 ;1.425 ;88.014 ;2014
Jabaquara;329 ;;67.554 ;869 ;1.873 ;56 ;;18.511 ;76 ;;1.930 ;25 ;91.223 ;2014
Jaçanã;473 ;;6.666 ;660 ;;76 ;;15.094 ;233 ;;2.101 ;23 ;25.326 ;2014
Jaguara;108 ;;4.232 ;52 ;;7 ;;380 ;;;1.565 ;12 ;6.356 ;2014
Jaguaré;53 ;;17.783 ;2.399 ;5.849 ;18 ;;109 ;20 ;61 ;901 ;203 ;27.396 ;2014
Jaraguá;600 ;;19.854 ;1.424 ;39 ;38 ;1 ;13.458 ;476 ;226 ;2.458 ;310 ;38.884 ;2014
Jardim Ângela;638 ;;85.673 ;11.398 ;1.112 ;185 ;;8.080 ;1.765 ;48 ;3.186 ;134 ;112.219 ;2014
Jardim Helena;242 ;;12.763 ;455 ;78 ;3 ;;6.293 ;30 ;26 ;1.498 ;13 ;21.401 ;2014
Jardim Paulista;104 ;;4.029 ;140 ;;23 ;;245 ;;;508 ;101 ;5.150 ;2014
Jardim São Luís;508 ;;71.025 ;15.487 ;52 ;205 ;;14.655 ;3.236 ;;2.451 ;163 ;107.782 ;2014
José Bonifácio;301 ;;7.133 ;30 ;;295 ;3 ;41.013 ;811 ;36 ;1.259 ;150 ;51.031 ;2014
Lajeado;670 ;;29.090 ;8.936 ;3.311 ;59 ;;44.974 ;4.535 ;557 ;1.907 ;41 ;94.080 ;2014
Lapa;27 ;;17.787 ;2.108 ;514 ;35 ;;558 ;302 ;48 ;1.016 ;308 ;22.703 ;2014
Liberdade;60 ;;8.217 ;509 ;;8 ;;6.744 ;;;797 ;138 ;16.473 ;2014
Limão;425 ;;29.769 ;2.560 ;;128 ;;8.753 ;716 ;6 ;2.018 ;174 ;44.549 ;2014
Mandaqui;214 ;;22.904 ;1.883 ;42 ;99 ;;7.012 ;6 ;;1.971 ;243 ;34.374 ;2014
Marsilac;18 ;;123 ;;;48 ;;;;1 ;437 ;4 ;631 ;2014
Moema;1 ;;2.194 ;;;26 ;;1.112 ;;;1.011 ;9 ;4.353 ;2014
Moóca;64 ;;4.653 ;197 ;;28 ;;9.001 ;20 ;;1.239 ;218 ;15.420 ;2014
Morumbi;86 ;;1.032 ;97 ;;14 ;;809 ;;;626 ;1 ;2.665 ;2014
Parelheiros;912 ;;19.606 ;1.678 ;;699 ;;9.008 ;9 ;4.869 ;1.332 ;115 ;38.228 ;2014
Pari;31 ;;2.045 ;139 ;;16 ;2 ;7.079 ;;;1.864 ;44 ;11.220 ;2014
Parque do Carmo;229 ;;8.099 ;35 ;22 ;271 ;;42.723 ;226 ;13 ;1.717 ;231 ;53.566 ;2014
Pedreira;120 ;;19.591 ;1.706 ;14 ;142 ;;1.385 ;385 ;650 ;1.539 ;135 ;25.667 ;2014
Penha;318 ;;35.438 ;1.390 ;5.652 ;632 ;;14.363 ;39 ;28 ;1.824 ;290 ;59.974 ;2014
Perdizes;;;10.011 ;993 ;647 ;13 ;;244 ;;50 ;686 ;234 ;12.878 ;2014
Perus;311 ;;16.387 ;1.667 ;36 ;74 ;10 ;21.479 ;1.097 ;11 ;2.207 ;62 ;43.341 ;2014
Pinheiros;22 ;;4.318 ;211 ;;3 ;;167 ;;21 ;786 ;268 ;5.796 ;2014
Pirituba;499 ;;19.174 ;964 ;;2 ;;15.943 ;17 ;359 ;2.074 ;634 ;39.666 ;2014
Ponte Rasa;567 ;;9.169 ;430 ;13.868 ;41 ;;8.215 ;199 ;4 ;2.016 ;95 ;34.604 ;2014
Raposo Tavares;284 ;;11.020 ;1.022 ;;41 ;;21.510 ;78 ;;1.172 ;16 ;35.143 ;2014
República;123 ;;6.140 ;128 ;;26 ;;5.427 ;26 ;;706 ;123 ;12.699 ;2014
Rio Pequeno;304 ;;17.859 ;1.911 ;174 ;37 ;;14.701 ;742 ;;1.064 ;4 ;36.796 ;2014
Sacomã;409 ;;27.588 ;2.046 ;641 ;77 ;;51.744 ;817 ;2 ;1.489 ;145 ;84.958 ;2014
Santa Cecília;89 ;;10.964 ;971 ;;16 ;;6.854 ;36 ;;630 ;173 ;19.733 ;2014
Santana;429 ;;12.728 ;1.095 ;;168 ;;12.429 ;;;2.359 ;383 ;29.591 ;2014
Santo Amaro;77 ;;13.169 ;3.985 ;1.433 ;98 ;;6.132 ;1.812 ;3.081 ;1.382 ;361 ;31.530 ;2014
São Domingos;293 ;;6.760 ;14 ;;;;11.597 ;220 ;273 ;2.753 ;347 ;22.257 ;2014
São Lucas;322 ;;15.020 ;1.286 ;20 ;430 ;;23.447 ;225 ;113 ;1.650 ;432 ;42.945 ;2014
São Mateus;852 ;;7.640 ;1.239 ;6 ;448 ;44 ;44.725 ;63 ;451 ;2.332 ;183 ;57.983 ;2014
São Miguel;229 ;;5.044 ;109 ;;37 ;;13.193 ;126 ;44 ;1.231 ;25 ;20.038 ;2014
São Rafael;469 ;;6.217 ;1.240 ;;422 ;96 ;27.574 ;99 ;802 ;1.620 ;129 ;38.668 ;2014
Sapopemba;545 ;;33.585 ;1.073 ;20 ;918 ;6 ;96.446 ;158 ;494 ;1.441 ;482 ;135.168 ;2014
Saúde;29 ;;12.953 ;17 ;;15 ;;3.585 ;20 ;;1.868 ;46 ;18.533 ;2014
Sé;15 ;;1.717 ;;;;;1.258 ;11 ;;1.121 ;51 ;4.173 ;2014
Socorro;94 ;;154 ;8 ;;74 ;;1.211 ;;379 ;1.607 ;85 ;3.612 ;2014
Tatuapé;88 ;;6.970 ;581 ;;37 ;;16.964 ;97 ;4 ;1.040 ;234 ;26.015 ;2014
Tremembé;584 ;;11.536 ;2.886 ;143 ;39 ;;20.193 ;96 ;123 ;2.338 ;200 ;38.138 ;2014
Tucuruvi;340 ;;23.089 ;2.278 ;75 ;99 ;;9.349 ;10 ;;3.544 ;326 ;39.110 ;2014
Vila Andrade;254 ;;18.022 ;3.618 ;;5 ;;;22 ;;1.478 ;58 ;23.457 ;2014
Vila Curuçá;969 ;;56.909 ;4.111 ;579 ;465 ;2.557 ;54.300 ;9.691 ;16 ;2.276 ;182 ;132.055 ;2014
Vila Formosa;122 ;;13.830 ;937 ;3.782 ;16 ;;10.514 ;;;1.747 ;363 ;31.311 ;2014
Vila Guilherme;61 ;;7.171 ;141 ;;79 ;20 ;7.829 ;148 ;;1.560 ;39 ;17.048 ;2014
Vila Jacuí;239 ;;22.643 ;1.844 ;1.371 ;17 ;;18.427 ;26 ;252 ;1.638 ;30 ;46.487 ;2014
Vila Leopoldina;77 ;;4.661 ;553 ;90 ;10 ;;295 ;283 ;20 ;741 ;165 ;6.895 ;2014
Vila Maria;253 ;;17.118 ;329 ;36 ;208 ;;27.205 ;93 ;4 ;1.675 ;68 ;46.989 ;2014
Vila Mariana;18 ;;8.321 ;8 ;;32 ;;4.881 ;21 ;;1.399 ;32 ;14.712 ;2014
Vila Matilde;301 ;;31.151 ;518 ;976 ;967 ;;17.988 ;47 ;111 ;2.397 ;171 ;54.627 ;2014
Vila Medeiros;152 ;;30.649 ;1.526 ;;141 ;20 ;19.206 ;486 ;;1.303 ;115 ;53.598 ;2014
Vila Prudente;224 ;;10.403 ;907 ;;349 ;;15.669 ;282 ;47 ;1.656 ;376 ;29.913 ;2014
Vila Sônia;181 ;;9.153 ;710 ;;26 ;;2.255 ;21 ;;817 ;5 ;13.168 ;2014
TOTAL 2015;30.820 ;;2.301.217 ;193.169 ;110.673 ;13.843 ;309 ;1.126.923 ;225.241 ;92.009 ;150.988 ;23.359 ;4.268.551 ;2015
Água Rasa;150 ;;14.994 ;770 ;1.920 ;33 ;;6.066 ;19 ;1.341 ;1.780 ;264 ;27.337 ;2015
Alto de Pinheiros;;;2.546 ;208 ;;3 ;;1.786 ;;7 ;885 ;120 ;5.555 ;2015
Anhanguera;438 ;;6.392 ;;;19 ;;4.689 ;62 ;243 ;1.775 ;32 ;13.650 ;2015
Aricanduva;113 ;;10.821 ;603 ;4.657 ;25 ;;17.268 ;1.544 ;1.699 ;1.332 ;195 ;38.257 ;2015
Artur Alvim;288 ;;58.185 ;1.868 ;18 ;729 ;;15.531 ;9.180 ;467 ;2.115 ;217 ;88.598 ;2015
Barra Funda;56 ;;1.355 ;102 ;;21 ;;1.402 ;10 ;10 ;561 ;87 ;3.604 ;2015
Bela Vista;36 ;;10.188 ;869 ;;62 ;;4.404 ;;;647 ;248 ;16.454 ;2015
Belém;56 ;;9.340 ;57 ;152 ;30 ;97 ;11.206 ;1.298 ;457 ;1.503 ;158 ;24.354 ;2015
Bom Retiro;98 ;;14.128 ;277 ;109 ;42 ;;7.421 ;;;2.084 ;171 ;24.330 ;2015
Brás;47 ;;6.438 ;138 ;;19 ;;11.201 ;94 ;74 ;1.222 ;86 ;19.319 ;2015
Brasilândia;1.086 ;;46.457 ;1.418 ;270 ;1.127 ;;36.028 ;3.473 ;5.582 ;2.552 ;54 ;98.047 ;2015
Butantã;141 ;;6.391 ;309 ;2.679 ;28 ;;1.418 ;1.055 ;90 ;1.045 ;5 ;13.161 ;2015
Cachoeirinha;568 ;;34.507 ;1.199 ;;362 ;;20.664 ;241 ;838 ;2.034 ;42 ;60.455 ;2015
Cambuci;47 ;;10.415 ;120 ;;38 ;;1.049 ;;;1.279 ;278 ;13.226 ;2015
Campo Belo;257 ;;6.022 ;162 ;95 ;89 ;;4.935 ;1.565 ;557 ;867 ;370 ;14.919 ;2015
Campo Grande;174 ;;4.361 ;426 ;123 ;184 ;;6.500 ;3.204 ;240 ;827 ;267 ;16.306 ;2015
Campo Limpo;942 ;;46.108 ;21.053 ;;86 ;;10.903 ;130 ;548 ;1.925 ;429 ;82.124 ;2015
Cangaíba;313 ;;102.157 ;2.009 ;2.660 ;374 ;;28.385 ;2.270 ;878 ;2.610 ;348 ;142.004 ;2015
Capão Redondo;1.111 ;;43.177 ;17.075 ;;79 ;;10.260 ;1.519 ;1.320 ;1.965 ;560 ;77.066 ;2015
Carrão;146 ;;10.831 ;707 ;903 ;27 ;;7.254 ;191 ;1.388 ;1.561 ;180 ;23.188 ;2015
Casa Verde;278 ;;20.198 ;812 ;197 ;207 ;;3.670 ;2.450 ;586 ;1.997 ;101 ;30.496 ;2015
Cidade Ademar;587 ;;104.790 ;4.410 ;11.594 ;368 ;;31.155 ;12.812 ;9.385 ;1.346 ;643 ;177.090 ;2015
Cidade Dutra;789 ;;37.289 ;6.765 ;;145 ;;24.157 ;277 ;5.557 ;1.579 ;327 ;76.885 ;2015
Cidade Líder;63 ;;12.005 ;604 ;;101 ;;1.803 ;9.948 ;701 ;1.882 ;298 ;27.405 ;2015
Cidade Tiradentes;580 ;;14.786 ;4.735 ;2.109 ;434 ;;5.456 ;13.461 ;1.649 ;1.528 ;282 ;45.020 ;2015
Consolação;29 ;;5.163 ;158 ;;22 ;;2.906 ;;;611 ;227 ;9.116 ;2015
Cursino;240 ;;10.514 ;455 ;;7 ;;25.488 ;181 ;;1.919 ;230 ;39.034 ;2015
Ermelino Matarazzo;593 ;;17.172 ;1.076 ;3.278 ;166 ;;6.831 ;11.539 ;412 ;2.182 ;285 ;43.534 ;2015
Freguesia do Ó;432 ;;25.466 ;396 ;;781 ;;14.882 ;1.165 ;995 ;2.079 ;55 ;46.251 ;2015
Grajaú;1.396 ;;91.801 ;13.588 ;22 ;208 ;23 ;43.752 ;771 ;9.915 ;1.271 ;315 ;163.062 ;2015
Guaianases;212 ;;23.763 ;2.347 ;;31 ;;8.265 ;4.822 ;140 ;2.007 ;127 ;41.714 ;2015
Iguatemi;544 ;;15.363 ;437 ;6 ;499 ;13 ;20.681 ;1.134 ;342 ;1.739 ;182 ;40.940 ;2015
Ipiranga;241 ;;12.082 ;562 ;;13 ;;12.955 ;12 ;389 ;2.307 ;236 ;28.797 ;2015
Itaim Bibi;32 ;;9.501 ;1.371 ;875 ;14 ;;3.721 ;;10 ;657 ;122 ;16.303 ;2015
Itaim Paulista;843 ;;62.138 ;2.277 ;1.465 ;327 ;10 ;38.422 ;7.771 ;183 ;1.826 ;605 ;115.867 ;2015
Itaquera;174 ;;44.322 ;901 ;539 ;137 ;25 ;6.891 ;23.724 ;1.330 ;1.684 ;476 ;80.203 ;2015
Jabaquara;585 ;;74.400 ;2.394 ;28.160 ;64 ;4 ;19.574 ;;1.819 ;1.895 ;776 ;129.671 ;2015
Jaçanã;343 ;;19.199 ;1.661 ;381 ;73 ;25 ;9.153 ;30 ;20 ;2.283 ;188 ;33.356 ;2015
Jaguara;185 ;;3.842 ;173 ;;14 ;;2.352 ;;8 ;1.514 ;15 ;8.103 ;2015
Jaguaré;82 ;;4.345 ;752 ;3 ;8 ;;8.223 ;25 ;14 ;628 ;75 ;14.155 ;2015
Jaraguá;631 ;;30.735 ;208 ;146 ;74 ;3 ;2.113 ;76 ;1.697 ;1.789 ;258 ;37.730 ;2015
Jardim Ângela;1.278 ;;80.061 ;17.816 ;;215 ;;13.663 ;37 ;2.100 ;3.309 ;568 ;119.047 ;2015
Jardim Helena;211 ;;30.574 ;1.207 ;57 ;124 ;;8.583 ;;1.104 ;1.516 ;132 ;43.508 ;2015
Jardim Paulista;13 ;;7.854 ;654 ;;18 ;;3.727 ;;6 ;507 ;82 ;12.861 ;2015
Jardim São Luís;719 ;;55.545 ;6.570 ;2.370 ;214 ;;20.645 ;66 ;734 ;2.996 ;527 ;90.386 ;2015
José Bonifácio;80 ;;13.022 ;148 ;;59 ;;11.409 ;15.219 ;340 ;987 ;169 ;41.433 ;2015
Lajeado;388 ;;40.870 ;9.500 ;844 ;128 ;;29.934 ;16.723 ;920 ;2.208 ;243 ;101.758 ;2015
Lapa;148 ;;11.344 ;1.259 ;;24 ;;3.101 ;;10 ;1.090 ;134 ;17.110 ;2015
Liberdade;102 ;;14.431 ;260 ;;26 ;;4.293 ;;;870 ;411 ;20.393 ;2015
Limão;481 ;;32.274 ;1.998 ;59 ;124 ;;8.943 ;1.473 ;749 ;1.939 ;42 ;48.082 ;2015
Mandaqui;277 ;;23.737 ;1.111 ;18 ;62 ;;7.578 ;317 ;;2.391 ;224 ;35.715 ;2015
Marsilac;87 ;;48 ;;;50 ;;;;4 ;333 ;8 ;530 ;2015
Moema;23 ;;5.916 ;363 ;185 ;48 ;;22 ;;20 ;979 ;381 ;7.937 ;2015
Moóca;136 ;;14.434 ;835 ;;37 ;;12.281 ;38 ;1.150 ;1.123 ;315 ;30.349 ;2015
Morumbi;81 ;;1.210 ;;;7 ;;363 ;515 ;50 ;684 ;3 ;2.913 ;2015
Parelheiros;1.335 ;;17.039 ;7.066 ;;655 ;;15.271 ;;10.152 ;1.242 ;218 ;52.978 ;2015
Pari;51 ;;9.171 ;1.346 ;561 ;15 ;;3.460 ;;203 ;1.693 ;55 ;16.555 ;2015
Parque do Carmo;78 ;;8.866 ;3.050 ;1.704 ;45 ;;2.323 ;2.944 ;610 ;1.325 ;198 ;21.143 ;2015
Pedreira;454 ;;29.685 ;152 ;7.568 ;270 ;;10.333 ;3.472 ;1.702 ;1.102 ;272 ;55.010 ;2015
Penha;222 ;;81.565 ;2.336 ;2 ;459 ;;12.794 ;3.863 ;653 ;1.754 ;623 ;104.271 ;2015
Perdizes;27 ;;9.808 ;1.392 ;;8 ;;4.844 ;;2 ;762 ;187 ;17.030 ;2015
Perus;465 ;;22.788 ;;13.136 ;63 ;;3.272 ;12 ;677 ;2.316 ;118 ;42.847 ;2015
Pinheiros;34 ;;7.133 ;924 ;;16 ;;2.507 ;;11 ;808 ;113 ;11.546 ;2015
Pirituba;461 ;;38.899 ;57 ;85 ;94 ;;3.368 ;236 ;1.308 ;2.045 ;456 ;47.009 ;2015
Ponte Rasa;500 ;;12.568 ;1.113 ;7.027 ;75 ;19 ;5.601 ;7.465 ;553 ;2.517 ;203 ;37.641 ;2015
Raposo Tavares;320 ;;20.867 ;906 ;80 ;71 ;;3.810 ;8.997 ;2.094 ;1.074 ;7 ;38.226 ;2015
República;20 ;;9.670 ;49 ;9 ;16 ;;5.484 ;;;599 ;201 ;16.048 ;2015
Rio Pequeno;310 ;;17.288 ;642 ;1.660 ;66 ;;5.847 ;13.005 ;1.430 ;1.167 ;7 ;41.422 ;2015
Sacomã;460 ;;38.554 ;976 ;60 ;57 ;;88.239 ;44 ;4 ;1.911 ;364 ;130.669 ;2015
Santa Cecília;80 ;;17.107 ;69 ;;13 ;;5.341 ;;;673 ;285 ;23.568 ;2015
Santana;261 ;;17.274 ;1.448 ;28 ;177 ;;9.881 ;147 ;;1.924 ;356 ;31.496 ;2015
Santo Amaro;217 ;;1.775 ;169 ;6 ;132 ;;1.207 ;1.348 ;62 ;1.031 ;357 ;6.304 ;2015
São Domingos;271 ;;14.429 ;;;17 ;;2.041 ;33 ;238 ;1.793 ;229 ;19.051 ;2015
São Lucas;235 ;;21.089 ;932 ;671 ;153 ;;28.060 ;160 ;336 ;1.726 ;263 ;53.625 ;2015
São Mateus;960 ;;19.269 ;2.266 ;947 ;573 ;7 ;30.348 ;167 ;551 ;2.082 ;475 ;57.645 ;2015
São Miguel;261 ;;17.635 ;247 ;10 ;143 ;;14.468 ;;715 ;1.730 ;62 ;35.271 ;2015
São Rafael;460 ;;15.575 ;531 ;;492 ;27 ;16.525 ;85 ;276 ;1.722 ;290 ;35.983 ;2015
Sapopemba;505 ;;46.139 ;1.098 ;87 ;459 ;;98.096 ;4.843 ;386 ;1.799 ;450 ;153.862 ;2015
Saúde;74 ;;20.789 ;921 ;;11 ;;401 ;;92 ;1.960 ;689 ;24.937 ;2015
Sé;32 ;;5.253 ;190 ;10 ;19 ;;3.941 ;;;1.337 ;94 ;10.876 ;2015
Socorro;350 ;;1.870 ;271 ;;48 ;;1.691 ;42 ;261 ;1.654 ;160 ;6.347 ;2015
Tatuapé;51 ;;13.901 ;627 ;20 ;61 ;;1.121 ;548 ;151 ;1.096 ;289 ;17.865 ;2015
Tremembé;450 ;;14.110 ;1.418 ;1 ;44 ;;21.337 ;22 ;5 ;2.320 ;470 ;40.177 ;2015
Tucuruvi;308 ;;13.417 ;1.031 ;;82 ;;5.633 ;227 ;;2.630 ;354 ;23.682 ;2015
Vila Andrade;314 ;;14.733 ;8.680 ;;10 ;;1.697 ;6.708 ;166 ;998 ;190 ;33.496 ;2015
Vila Curuçá;763 ;;48.226 ;3.383 ;1.731 ;216 ;18 ;24.177 ;1.340 ;1.442 ;2.154 ;536 ;83.986 ;2015
Vila Formosa;41 ;;9.762 ;273 ;4.717 ;19 ;;6.981 ;14 ;595 ;1.493 ;259 ;24.154 ;2015
Vila Guilherme;97 ;;12.417 ;549 ;;66 ;;3.487 ;40 ;442 ;1.673 ;2 ;18.773 ;2015
Vila Jacuí;181 ;;14.961 ;406 ;;113 ;;14.675 ;122 ;496 ;1.801 ;34 ;32.789 ;2015
Vila Leopoldina;103 ;;4.113 ;229 ;;17 ;;1.165 ;;9 ;931 ;69 ;6.636 ;2015
Vila Maria;350 ;;50.942 ;2.835 ;;68 ;20 ;6.154 ;64 ;1.639 ;1.443 ;25 ;63.540 ;2015
Vila Mariana;39 ;;25.847 ;1.673 ;;36 ;;1.041 ;20 ;61 ;1.568 ;541 ;30.826 ;2015
Vila Matilde;245 ;;63.065 ;1.832 ;;510 ;;12.311 ;5.274 ;447 ;2.465 ;328 ;86.477 ;2015
Vila Medeiros;95 ;;50.807 ;2.278 ;;116 ;18 ;8.532 ;165 ;5.459 ;1.438 ;51 ;68.959 ;2015
Vila Prudente;129 ;;19.872 ;2.334 ;;100 ;;8.277 ;1.381 ;405 ;2.131 ;303 ;34.932 ;2015
Vila Sônia;261 ;;7.932 ;297 ;4.659 ;32 ;;5.820 ;12.012 ;298 ;877 ;3 ;32.191 ;2015
TOTAL 2016;42.694 ;1 ;2.758.139 ;281.756 ;60.274 ;17.626 ;51 ;1.595.864 ;225.512 ;43.557 ;92.335 ;38.434 ;5.156.243 ;2016
Água Rasa;260 ;;12.860 ;538 ;8.495 ;33 ;;15.522 ;19 ;;694 ;394 ;38.815 ;2016
Alto de Pinheiros;;;7.327 ;1.062 ;173 ;11 ;;2.101 ;118 ;459 ;285 ;251 ;11.787 ;2016
Anhanguera;526 ;;13.497 ;1.047 ;;155 ;;22.986 ;1.354 ;68 ;847 ;128 ;40.608 ;2016
Aricanduva;121 ;;9.837 ;104 ;144 ;23 ;;11.146 ;23 ;1.082 ;634 ;266 ;23.380 ;2016
Artur Alvim;388 ;;46.202 ;1.761 ;;211 ;;11.257 ;6.375 ;33 ;1.022 ;238 ;67.487 ;2016
Barra Funda;54 ;;875 ;172 ;;16 ;;934 ;;40 ;195 ;134 ;2.420 ;2016
Bela Vista;32 ;;13.708 ;305 ;;23 ;;2.359 ;787 ;;354 ;257 ;17.825 ;2016
Belém;49 ;;17.533 ;1.087 ;9.010 ;27 ;21 ;14.888 ;20 ;108 ;669 ;268 ;43.680 ;2016
Bom Retiro;89 ;;17.132 ;131 ;665 ;32 ;;3.828 ;1.329 ;;937 ;359 ;24.502 ;2016
Brás;36 ;;10.708 ;332 ;;14 ;;8.766 ;6 ;;489 ;147 ;20.498 ;2016
Brasilândia;1.057 ;;64.402 ;6.366 ;;853 ;;64.887 ;16.244 ;373 ;2.692 ;537 ;157.411 ;2016
Butantã;266 ;;12.012 ;516 ;54 ;90 ;;8.463 ;1 ;1 ;473 ;42 ;21.918 ;2016
Cachoeirinha;506 ;;28.113 ;3.482 ;652 ;348 ;;35.478 ;782 ;8 ;1.425 ;458 ;71.252 ;2016
Cambuci;73 ;;11.343 ;20 ;89 ;7 ;;3.523 ;410 ;;507 ;155 ;16.127 ;2016
Campo Belo;235 ;;9.055 ;284 ;;31 ;;3.335 ;589 ;520 ;417 ;391 ;14.857 ;2016
Campo Grande;221 ;;18.094 ;1.295 ;;91 ;;5.997 ;550 ;2.105 ;540 ;437 ;29.330 ;2016
Campo Limpo;985 ;;45.747 ;13.699 ;;206 ;;31.484 ;176 ;14 ;1.330 ;511 ;94.152 ;2016
Cangaíba;458 ;;73.583 ;3.228 ;5.870 ;620 ;;19.191 ;935 ;32 ;1.341 ;392 ;105.650 ;2016
Capão Redondo;1.280 ;;88.602 ;33.691 ;;202 ;22 ;59.551 ;81 ;18 ;1.787 ;735 ;185.969 ;2016
Carrão;169 ;;14.419 ;751 ;;105 ;;8.594 ;;5 ;719 ;303 ;25.065 ;2016
Casa Verde;262 ;;15.599 ;1.561 ;;185 ;;11.986 ;5.492 ;;1.457 ;806 ;37.348 ;2016
Cidade Ademar;1.117 ;;73.352 ;972 ;;199 ;;41.520 ;2.493 ;1.044 ;923 ;775 ;122.395 ;2016
Cidade Dutra;856 ;;60.165 ;2.955 ;;353 ;;30.352 ;58 ;2.725 ;874 ;842 ;99.180 ;2016
Cidade Líder;247 ;;14.086 ;1.079 ;1.352 ;159 ;;120 ;8.578 ;157 ;918 ;245 ;26.941 ;2016
Cidade Tiradentes;1.276 ;;22.259 ;3.299 ;1.231 ;1.345 ;1 ;32.355 ;9.773 ;711 ;1.720 ;276 ;74.246 ;2016
Consolação;23 ;;6.936 ;141 ;;8 ;;;19 ;;254 ;232 ;7.613 ;2016
Cursino;355 ;;46.520 ;5.557 ;9 ;76 ;;16.760 ;6.981 ;783 ;917 ;517 ;78.475 ;2016
Ermelino Matarazzo;791 ;;20.893 ;3.618 ;182 ;133 ;;2.111 ;18.164 ;871 ;1.553 ;498 ;48.814 ;2016
Freguesia do Ó;502 ;;33.188 ;4.682 ;673 ;599 ;;18.926 ;5.110 ;129 ;2.158 ;503 ;66.470 ;2016
Grajaú;1.730 ;;127.666 ;3.357 ;1.850 ;518 ;;58.850 ;66 ;5.364 ;1.262 ;1.138 ;201.801 ;2016
Guaianases;820 ;;19.688 ;3.062 ;;81 ;2 ;19.002 ;378 ;450 ;1.393 ;403 ;45.279 ;2016
Iguatemi;940 ;;19.136 ;506 ;8 ;659 ;2 ;22.811 ;1.659 ;6 ;1.126 ;254 ;47.107 ;2016
Ipiranga;313 ;;42.879 ;2.287 ;;63 ;;12.981 ;;7 ;1.164 ;568 ;60.262 ;2016
Itaim Bibi;14 ;;5.405 ;577 ;;10 ;;747 ;1.083 ;440 ;309 ;468 ;9.053 ;2016
Itaim Paulista;1.438 ;;76.191 ;9.333 ;;750 ;;38.618 ;522 ;832 ;1.986 ;595 ;130.265 ;2016
Itaquera;339 ;;30.767 ;4.226 ;5.260 ;340 ;;2.103 ;7.303 ;433 ;1.170 ;373 ;52.314 ;2016
Jabaquara;690 ;;84.621 ;6.079 ;624 ;68 ;;72.523 ;12 ;;1.521 ;878 ;167.016 ;2016
Jaçanã;713 ;;24.233 ;2.552 ;;131 ;;28.917 ;34 ;764 ;1.369 ;341 ;59.054 ;2016
Jaguara;221 ;;3.663 ;595 ;;10 ;;850 ;1.440 ;23 ;479 ;73 ;7.354 ;2016
Jaguaré;75 ;;3.633 ;132 ;;1 ;;1.103 ;;1 ;339 ;162 ;5.446 ;2016
Jaraguá;759 ;;8.818 ;346 ;;295 ;;7.884 ;7.287 ;341 ;1.566 ;956 ;28.252 ;2016
Jardim Ângela;1.805 ;;70.588 ;11.629 ;;516 ;1 ;36.278 ;81 ;;2.222 ;595 ;123.715 ;2016
Jardim Helena;489 ;;36.560 ;2.522 ;;131 ;;23.404 ;170 ;37 ;906 ;15 ;64.234 ;2016
Jardim Paulista;29 ;;7.584 ;692 ;;7 ;;981 ;1.591 ;1 ;256 ;364 ;11.505 ;2016
Jardim São Luís;972 ;;97.306 ;17.277 ;20 ;527 ;;57.193 ;169 ;4 ;1.963 ;559 ;175.990 ;2016
José Bonifácio;140 ;;19.052 ;914 ;53 ;165 ;;15.513 ;12.706 ;103 ;617 ;125 ;49.388 ;2016
Lajeado;1.128 ;;47.011 ;10.004 ;1.349 ;163 ;;48.360 ;2.964 ;386 ;2.050 ;533 ;113.948 ;2016
Lapa;100 ;;7.716 ;738 ;;25 ;;1.089 ;;;476 ;407 ;10.551 ;2016
Liberdade;70 ;;17.107 ;325 ;41 ;18 ;;3.793 ;568 ;;343 ;330 ;22.595 ;2016
Limão;466 ;;17.900 ;1.840 ;;149 ;;17.418 ;4.621 ;8 ;925 ;374 ;43.701 ;2016
Mandaqui;181 ;;25.030 ;1.255 ;;58 ;;1.065 ;1.231 ;2 ;1.190 ;316 ;30.328 ;2016
Marsilac;124 ;;148 ;;;54 ;;;;;136 ;4 ;466 ;2016
Moema;25 ;;9.056 ;421 ;;35 ;;;;;560 ;192 ;10.289 ;2016
Moóca;130 ;;7.495 ;107 ;;20 ;;3.145 ;;19 ;643 ;415 ;11.974 ;2016
Morumbi;152 ;;3.463 ;41 ;;111 ;;1.294 ;138 ;;269 ;14 ;5.482 ;2016
Parelheiros;1.604 ;;16.761 ;13.263 ;12 ;725 ;;35.173 ;20 ;7.237 ;1.939 ;278 ;77.012 ;2016
Pari;43 ;;7.085 ;317 ;6.737 ;17 ;;3.760 ;60 ;;685 ;116 ;18.820 ;2016
Parque do Carmo;245 ;;10.609 ;1.460 ;2.068 ;133 ;;547 ;5.052 ;148 ;385 ;91 ;20.738 ;2016
Pedreira;686 ;;37.251 ;821 ;256 ;139 ;;29.735 ;281 ;1.678 ;615 ;283 ;71.745 ;2016
Penha;248 ;;64.371 ;3.117 ;3.864 ;341 ;;4.500 ;4.316 ;7 ;1.501 ;666 ;82.931 ;2016
Perdizes;11 ;;11.036 ;1.115 ;269 ;5 ;;1.528 ;1.661 ;4 ;289 ;477 ;16.395 ;2016
Perus;524 ;;10.825 ;231 ;;333 ;;17.019 ;7.329 ;216 ;909 ;359 ;37.745 ;2016
Pinheiros;41 ;;9.097 ;863 ;;36 ;;310 ;;;334 ;419 ;11.100 ;2016
Pirituba;506 ;;16.520 ;604 ;;216 ;;10.825 ;11.718 ;904 ;989 ;1.213 ;43.495 ;2016
Ponte Rasa;608 ;;19.255 ;2.455 ;250 ;47 ;;1.784 ;14.664 ;1.008 ;1.659 ;497 ;42.227 ;2016
Raposo Tavares;505 ;;26.012 ;1.727 ;142 ;52 ;;23.780 ;69 ;2.738 ;539 ;8 ;55.572 ;2016
República;39 ;;14.966 ;;;28 ;;3.039 ;73 ;;226 ;255 ;18.626 ;2016
Rio Pequeno;520 ;;31.081 ;1.540 ;;60 ;;16.952 ;2.517 ;4 ;657 ;142 ;53.473 ;2016
Sacomã;624 ;;105.596 ;8.247 ;;128 ;;69.403 ;2.360 ;767 ;1.659 ;667 ;189.451 ;2016
Santa Cecília;96 ;;19.324 ;248 ;;12 ;;4.594 ;;;467 ;345 ;25.086 ;2016
Santana;307 ;;21.650 ;1.260 ;20 ;148 ;;2.569 ;4.464 ;2 ;1.479 ;505 ;32.404 ;2016
Santo Amaro;295 ;;8.036 ;603 ;;129 ;;267 ;28 ;96 ;594 ;517 ;10.565 ;2016
São Domingos;321 ;;12.157 ;396 ;;69 ;;7.347 ;1.726 ;198 ;758 ;532 ;23.504 ;2016
São Lucas;203 ;;22.697 ;4.035 ;;73 ;;25.487 ;2.003 ;1.111 ;780 ;424 ;56.813 ;2016
São Mateus;1.572 ;;35.610 ;3.356 ;10 ;754 ;;38.384 ;5.690 ;9 ;1.841 ;465 ;87.691 ;2016
São Miguel;457 ;;21.890 ;2.062 ;;163 ;;21.287 ;69 ;258 ;631 ;108 ;46.925 ;2016
São Rafael;751 ;;19.829 ;2.398 ;12 ;654 ;2 ;27.153 ;1.365 ;34 ;1.118 ;328 ;53.644 ;2016
Sapopemba;346 ;;54.864 ;8.436 ;;282 ;;46.791 ;244 ;1.980 ;1.486 ;644 ;115.073 ;2016
Saúde;157 ;;50.940 ;2.846 ;;42 ;;603 ;;;819 ;579 ;55.986 ;2016
Sé;29 ;;7.802 ;;;2 ;;1.733 ;250 ;;557 ;115 ;10.488 ;2016
Socorro;535 ;;5.275 ;268 ;;73 ;;2.334 ;;389 ;659 ;240 ;9.773 ;2016
Tatuapé;51 ;;16.820 ;1.162 ;2.739 ;45 ;;337 ;;;553 ;448 ;22.155 ;2016
Tremembé;935 ;;41.151 ;6.098 ;33 ;67 ;;54.182 ;22 ;1.282 ;2.106 ;926 ;106.802 ;2016
Tucuruvi;285 ;;26.556 ;2.333 ;4 ;51 ;;3.524 ;43 ;;1.346 ;471 ;34.613 ;2016
Vila Andrade;286 ;;16.149 ;12.153 ;;85 ;;13.440 ;195 ;7 ;749 ;294 ;43.358 ;2016
Vila Curuçá;1.170 ;;61.875 ;6.935 ;6 ;519 ;;22.635 ;6.342 ;14 ;1.327 ;400 ;101.223 ;2016
Vila Formosa;119 ;;11.557 ;163 ;4.114 ;16 ;;8.333 ;13 ;;779 ;565 ;25.659 ;2016
Vila Guilherme;228 ;1 ;23.720 ;764 ;;92 ;;6.941 ;2.006 ;36 ;741 ;509 ;35.038 ;2016
Vila Jacuí;381 ;;34.454 ;2.060 ;71 ;218 ;;32.830 ;5.443 ;317 ;952 ;224 ;76.950 ;2016
Vila Leopoldina;111 ;;2.721 ;551 ;;10 ;;768 ;1.811 ;1 ;282 ;198 ;6.453 ;2016
Vila Maria;428 ;;62.460 ;3.502 ;;217 ;;19.859 ;6.234 ;1.680 ;1.062 ;558 ;96.000 ;2016
Vila Mariana;58 ;;25.909 ;891 ;;76 ;;1.531 ;13 ;;689 ;396 ;29.563 ;2016
Vila Matilde;333 ;;52.220 ;1.436 ;1.835 ;241 ;;5.076 ;902 ;14 ;1.105 ;393 ;63.555 ;2016
Vila Medeiros;363 ;;55.192 ;2.704 ;12 ;164 ;;36.803 ;4.591 ;93 ;1.080 ;644 ;101.646 ;2016
Vila Prudente;153 ;;16.935 ;3.229 ;;55 ;;10.391 ;917 ;773 ;1.029 ;563 ;34.045 ;2016
Vila Sônia;423 ;;29.118 ;1.555 ;16 ;49 ;;17.968 ;531 ;45 ;589 ;23 ;50.317 ;2016
TOTAL 2017;40.048 ;906 ;1.601.087 ;166.378 ;4.301 ;19.162 ;13 ;2.365.784 ;401.895 ;10.208 ;50.090 ;14.057 ;4.673.929 ;2017
Água Rasa;361 ;3 ;5.163 ;409 ;;121 ;;15.586 ;;3 ;247 ;113 ;22.006 ;2017
Alto de Pinheiros;1 ;3 ;1.095 ;319 ;;25 ;;3.150 ;92 ;;65 ;224 ;4.974 ;2017
Anhanguera;541 ;4 ;8.612 ;240 ;;173 ;;32.694 ;32.707 ;37 ;117 ;14 ;75.139 ;2017
Aricanduva;174 ;3 ;7.430 ;92 ;;63 ;;20.314 ;13 ;10 ;325 ;83 ;28.507 ;2017
Artur Alvim;232 ;6 ;51.687 ;610 ;;344 ;;17.822 ;1.466 ;;358 ;145 ;72.670 ;2017
Barra Funda;79 ;2 ;1.466 ;138 ;;31 ;;447 ;;;13 ;52 ;2.228 ;2017
Bela Vista;24 ;;8.024 ;768 ;;;;1.341 ;;;182 ;80 ;10.419 ;2017
Belém;47 ;1 ;5.751 ;156 ;;49 ;;10.544 ;60 ;52 ;358 ;61 ;17.079 ;2017
Bom Retiro;97 ;3 ;5.688 ;528 ;141 ;4 ;;4.400 ;;;44 ;44 ;10.949 ;2017
Brás;82 ;;2.577 ;;;39 ;;12.120 ;27 ;;46 ;27 ;14.918 ;2017
Brasilândia;1.051 ;21 ;31.159 ;5.463 ;25 ;690 ;;73.853 ;19.575 ;55 ;1.915 ;174 ;133.981 ;2017
Butantã;234 ;3 ;11.659 ;282 ;;198 ;2 ;19.628 ;187 ;4 ;277 ;26 ;32.500 ;2017
Cachoeirinha;441 ;22 ;27.836 ;3.583 ;3 ;344 ;;38.748 ;12.382 ;3 ;835 ;88 ;84.285 ;2017
Cambuci;78 ;6 ;5.799 ;718 ;;;;1.090 ;;;145 ;84 ;7.920 ;2017
Campo Belo;227 ;9 ;1.147 ;287 ;;50 ;;6.975 ;30 ;58 ;108 ;108 ;8.999 ;2017
Campo Grande;197 ;15 ;1.872 ;1.178 ;;95 ;;14.981 ;;35 ;194 ;79 ;18.646 ;2017
Campo Limpo;973 ;24 ;28.551 ;12.484 ;;232 ;;49.679 ;133 ;674 ;725 ;197 ;93.672 ;2017
Cangaíba;337 ;11 ;66.163 ;599 ;;611 ;;23.460 ;4.289 ;;717 ;107 ;96.294 ;2017
Capão Redondo;1.148 ;15 ;34.614 ;11.819 ;;246 ;;80.616 ;1.523 ;38 ;1.142 ;235 ;131.396 ;2017
Carrão;212 ;2 ;3.607 ;49 ;;176 ;4 ;15.234 ;;;91 ;82 ;19.457 ;2017
Casa Verde;237 ;6 ;9.054 ;442 ;;193 ;1 ;13.314 ;232 ;;451 ;84 ;24.014 ;2017
Cidade Ademar;783 ;15 ;16.864 ;5.051 ;385 ;193 ;;96.529 ;106 ;1.141 ;585 ;305 ;121.957 ;2017
Cidade Dutra;725 ;27 ;11.906 ;550 ;;314 ;;57.629 ;1.954 ;786 ;385 ;237 ;74.513 ;2017
Cidade Líder;397 ;15 ;13.183 ;712 ;;390 ;;2.481 ;10.432 ;;457 ;74 ;28.141 ;2017
Cidade Tiradentes;1.269 ;12 ;26.149 ;6.878 ;361 ;1.520 ;;34.179 ;944 ;144 ;1.424 ;38 ;72.918 ;2017
Consolação;25 ;9 ;4.527 ;393 ;;5 ;;426 ;;;86 ;60 ;5.531 ;2017
Cursino;314 ;8 ;37.110 ;1.782 ;;86 ;;20.207 ;148 ;;599 ;221 ;60.475 ;2017
Ermelino Matarazzo;699 ;5 ;7.973 ;1.267 ;1.867 ;93 ;;3.667 ;29.193 ;220 ;1.126 ;342 ;46.452 ;2017
Freguesia do Ó;491 ;12 ;13.385 ;789 ;;532 ;;38.379 ;5.723 ;10 ;934 ;177 ;60.432 ;2017
Grajaú;1.281 ;39 ;19.030 ;3.176 ;;515 ;;122.401 ;406 ;688 ;989 ;235 ;148.760 ;2017
Guaianases;909 ;6 ;3.767 ;782 ;;142 ;;65.709 ;;;962 ;10 ;72.287 ;2017
Iguatemi;959 ;20 ;5.148 ;403 ;;678 ;;37.198 ;10 ;;572 ;53 ;45.041 ;2017
Ipiranga;380 ;8 ;22.874 ;263 ;;115 ;;16.928 ;755 ;24 ;763 ;227 ;42.337 ;2017
Itaim Bibi;11 ;6 ;4.956 ;1.503 ;;33 ;;1.431 ;311 ;565 ;80 ;170 ;9.066 ;2017
Itaim Paulista;1.175 ;6 ;37.183 ;363 ;;492 ;;64.346 ;1.946 ;;1.372 ;273 ;107.156 ;2017
Itaquera;879 ;35 ;25.223 ;2.152 ;;642 ;;3.898 ;7.619 ;;731 ;157 ;41.336 ;2017
Jabaquara;314 ;35 ;59.947 ;1.634 ;;105 ;;89.075 ;2 ;;607 ;207 ;151.926 ;2017
Jaçanã;449 ;14 ;9.893 ;1.125 ;;108 ;;26.940 ;367 ;414 ;870 ;95 ;40.275 ;2017
Jaguara;164 ;2 ;3.410 ;;;33 ;;3.667 ;877 ;;31 ;24 ;8.208 ;2017
Jaguaré;89 ;4 ;4.279 ;272 ;;21 ;;2.328 ;462 ;;124 ;80 ;7.659 ;2017
Jaraguá;618 ;6 ;32.654 ;2.138 ;;292 ;;5.386 ;33.854 ;655 ;1.070 ;810 ;77.483 ;2017
Jardim Ângela;1.627 ;24 ;25.648 ;15.189 ;;431 ;;66.763 ;31.395 ;245 ;1.696 ;104 ;143.122 ;2017
Jardim Helena;593 ;12 ;4.886 ;459 ;;121 ;;41.935 ;3.629 ;;365 ;1 ;52.001 ;2017
Jardim Paulista;18 ;4 ;9.831 ;1.094 ;;39 ;;2.632 ;822 ;42 ;51 ;86 ;14.619 ;2017
Jardim São Luís;878 ;18 ;26.163 ;14.474 ;20 ;532 ;;85.096 ;1.597 ;;1.398 ;95 ;130.271 ;2017
José Bonifácio;303 ;10 ;12.547 ;841 ;;298 ;;31.381 ;20.891 ;3 ;401 ;96 ;66.771 ;2017
Lajeado;1.016 ;8 ;16.054 ;2.035 ;;181 ;;78.588 ;;1 ;1.614 ;4 ;99.501 ;2017
Lapa;118 ;4 ;7.805 ;165 ;;82 ;;4.991 ;2.103 ;5 ;147 ;177 ;15.597 ;2017
Liberdade;93 ;;9.458 ;1.593 ;;4 ;;2.949 ;;;73 ;77 ;14.247 ;2017
Limão;496 ;9 ;8.432 ;298 ;;144 ;;16.415 ;;2 ;644 ;86 ;26.526 ;2017
Mandaqui;190 ;3 ;29.026 ;1.510 ;;198 ;;8.033 ;10.412 ;36 ;762 ;237 ;50.407 ;2017
Marsilac;77 ;3 ;;;;55 ;;711 ;;80 ;25 ;10 ;961 ;2017
Moema;18 ;9 ;11.890 ;885 ;;46 ;;66 ;;;96 ;134 ;13.144 ;2017
Moóca;92 ;;5.259 ;206 ;17 ;54 ;;4.037 ;;;245 ;117 ;10.027 ;2017
Morumbi;158 ;12 ;4.060 ;28 ;;50 ;;2.303 ;69 ;;56 ;17 ;6.753 ;2017
Parelheiros;1.531 ;18 ;7.446 ;5.174 ;11 ;746 ;;63.914 ;12.831 ;1.038 ;1.256 ;159 ;94.124 ;2017
Pari;55 ;;1.858 ;54 ;;29 ;;10.988 ;12 ;1 ;17 ;41 ;13.055 ;2017
Parque do Carmo;365 ;10 ;10.646 ;793 ;;191 ;;201 ;2.060 ;;175 ;44 ;14.485 ;2017
Pedreira;548 ;6 ;8.590 ;3.579 ;;178 ;5 ;13.589 ;;88 ;339 ;72 ;26.994 ;2017
Penha;196 ;11 ;56.795 ;413 ;;328 ;;5.286 ;8.299 ;;588 ;162 ;72.078 ;2017
Perdizes;2 ;4 ;7.630 ;333 ;;30 ;;3.041 ;1.780 ;;113 ;146 ;13.079 ;2017
Perus;567 ;4 ;7.412 ;646 ;;348 ;;43.323 ;22.791 ;111 ;493 ;92 ;75.787 ;2017
Pinheiros;42 ;4 ;5.957 ;617 ;;52 ;;5.517 ;2.091 ;;128 ;233 ;14.641 ;2017
Pirituba;348 ;13 ;22.444 ;258 ;;273 ;;10.841 ;10.754 ;1.383 ;537 ;1.311 ;48.162 ;2017
Ponte Rasa;556 ;6 ;6.840 ;870 ;1.278 ;93 ;;3.454 ;23.748 ;73 ;1.077 ;375 ;38.370 ;2017
Raposo Tavares;474 ;9 ;24.830 ;1.227 ;12 ;103 ;;23.055 ;13.496 ;;455 ;9 ;63.670 ;2017
República;33 ;;9.581 ;510 ;;3 ;;2.727 ;;;171 ;63 ;13.088 ;2017
Rio Pequeno;487 ;9 ;25.029 ;1.335 ;;98 ;;25.010 ;29 ;2 ;312 ;24 ;52.335 ;2017
Sacomã;557 ;23 ;85.117 ;2.576 ;;149 ;;60.591 ;1.083 ;;896 ;350 ;151.342 ;2017
Santa Cecília;100 ;6 ;14.362 ;817 ;33 ;7 ;;6.799 ;;;162 ;118 ;22.404 ;2017
Santana;303 ;6 ;8.595 ;287 ;;244 ;;6.054 ;547 ;1 ;850 ;208 ;17.095 ;2017
Santo Amaro;264 ;9 ;1.348 ;761 ;;120 ;;1.411 ;17 ;58 ;169 ;123 ;4.280 ;2017
São Domingos;301 ;3 ;11.798 ;;;136 ;;1.445 ;3.117 ;400 ;245 ;539 ;17.984 ;2017
São Lucas;266 ;16 ;13.829 ;1.692 ;;64 ;;28.375 ;52 ;;358 ;126 ;44.778 ;2017
São Mateus;1.640 ;8 ;4.192 ;363 ;;768 ;;59.890 ;343 ;1 ;1.014 ;107 ;68.326 ;2017
São Miguel;432 ;10 ;3.674 ;288 ;61 ;138 ;;48.607 ;2.694 ;11 ;349 ;5 ;56.269 ;2017
São Rafael;814 ;8 ;5.268 ;899 ;;623 ;;44.066 ;106 ;2 ;721 ;51 ;52.558 ;2017
Sapopemba;581 ;30 ;52.775 ;3.678 ;;120 ;;75.604 ;36 ;2 ;1.151 ;211 ;134.188 ;2017
Saúde;96 ;3 ;37.665 ;823 ;;23 ;;1.491 ;;;499 ;208 ;40.808 ;2017
Sé;33 ;;6.038 ;21 ;;1 ;;133 ;;;24 ;35 ;6.285 ;2017
Socorro;448 ;11 ;854 ;161 ;;83 ;;3.989 ;128 ;173 ;158 ;52 ;6.057 ;2017
Tatuapé;67 ;3 ;7.367 ;469 ;19 ;79 ;;14.762 ;;;234 ;72 ;23.072 ;2017
Tremembé;767 ;7 ;25.574 ;6.545 ;17 ;77 ;;32.897 ;21.727 ;717 ;1.694 ;264 ;90.286 ;2017
Tucuruvi;243 ;6 ;19.394 ;190 ;;134 ;;6.125 ;1.148 ;3 ;921 ;249 ;28.413 ;2017
Vila Andrade;329 ;9 ;15.269 ;11.386 ;;90 ;;2.831 ;;2 ;311 ;105 ;30.332 ;2017
Vila Curuçá;1.072 ;4 ;39.966 ;893 ;18 ;380 ;;48.529 ;6.028 ;;798 ;347 ;98.035 ;2017
Vila Formosa;141 ;2 ;5.767 ;154 ;;83 ;;15.345 ;;;222 ;78 ;21.792 ;2017
Vila Guilherme;172 ;7 ;11.584 ;710 ;;102 ;;22.050 ;1.637 ;36 ;178 ;123 ;36.599 ;2017
Vila Jacuí;394 ;27 ;2.203 ;;31 ;145 ;;57.273 ;1.750 ;;620 ;3 ;62.446 ;2017
Vila Leopoldina;177 ;4 ;3.146 ;;;28 ;;1.171 ;1.626 ;;63 ;199 ;6.414 ;2017
Vila Maria;232 ;9 ;31.074 ;1.434 ;;217 ;;37.232 ;13.711 ;51 ;507 ;78 ;84.545 ;2017
Vila Mariana;65 ;12 ;35.078 ;1.615 ;;98 ;;2.022 ;12 ;;203 ;153 ;39.258 ;2017
Vila Matilde;242 ;6 ;36.850 ;352 ;;225 ;;8.961 ;203 ;;721 ;129 ;47.689 ;2017
Vila Medeiros;195 ;9 ;38.594 ;2.086 ;2 ;186 ;;36.679 ;8.944 ;25 ;855 ;92 ;87.667 ;2017
Vila Prudente;177 ;9 ;10.262 ;374 ;;80 ;;18.278 ;14 ;;564 ;130 ;29.888 ;2017
Vila Sônia;355 ;6 ;28.912 ;1.821 ;;62 ;1 ;17.528 ;338 ;;247 ;28 ;49.298 ;2017
TOTAL 2018;33.495 ;900 ;1.061.701 ;150.098 ;11.368 ;12.972 ;103 ;1.761.892 ;363.403 ;13.526 ;70.529 ;8.096 ;3.488.083 ;2018
Água Rasa;231 ;3 ;2.199 ;881 ;1.173 ;85 ;;4.435 ;137 ;;616 ;113 ;9.873 ;2018
Alto de Pinheiros;;15 ;1.889 ;479 ;;20 ;;4.458 ;;;118 ;63 ;7.042 ;2018
Anhanguera;427 ;;8.740 ;;;144 ;;32.009 ;607 ;9 ;1.348 ;10 ;43.294 ;2018
Aricanduva;118 ;3 ;2.577 ;;;20 ;;13.302 ;947 ;;275 ;55 ;17.297 ;2018
Artur Alvim;140 ;6 ;28.812 ;1.667 ;;389 ;;22.210 ;764 ;302 ;765 ;52 ;55.107 ;2018
Barra Funda;153 ;3 ;668 ;175 ;;31 ;;1.403 ;;;48 ;15 ;2.496 ;2018
Bela Vista;55 ;;5.014 ;158 ;;19 ;;2.942 ;;;325 ;56 ;8.569 ;2018
Belém;35 ;2 ;5.259 ;482 ;866 ;10 ;41 ;2.979 ;385 ;;112 ;31 ;10.202 ;2018
Bom Retiro;151 ;;2.811 ;547 ;1.694 ;;;5.171 ;;;226 ;58 ;10.658 ;2018
Brás;32 ;;889 ;59 ;;16 ;;9.109 ;322 ;;149 ;52 ;10.628 ;2018
Brasilândia;665 ;50 ;28.817 ;4.692 ;19 ;532 ;;36.771 ;4.452 ;144 ;2.117 ;63 ;78.322 ;2018
Butantã;241 ;8 ;6.764 ;198 ;;160 ;;16.045 ;804 ;108 ;187 ;16 ;24.531 ;2018
Cachoeirinha;497 ;6 ;19.698 ;2.730 ;;148 ;;53.401 ;217 ;2 ;952 ;76 ;77.727 ;2018
Cambuci;162 ;;2.347 ;;;3 ;;5.104 ;;;331 ;57 ;8.004 ;2018
Campo Belo;154 ;9 ;2.470 ;727 ;;32 ;;2.742 ;413 ;93 ;218 ;84 ;6.942 ;2018
Campo Grande;103 ;6 ;656 ;65 ;11 ;96 ;;8.554 ;2.636 ;6 ;173 ;66 ;12.372 ;2018
Campo Limpo;847 ;41 ;11.077 ;6.236 ;;134 ;;23.205 ;907 ;21 ;1.188 ;81 ;43.737 ;2018
Cangaíba;203 ;12 ;43.495 ;1.654 ;;497 ;;22.374 ;4.363 ;594 ;1.085 ;83 ;74.360 ;2018
Capão Redondo;996 ;18 ;27.010 ;14.994 ;20 ;225 ;;53.398 ;5.468 ;8 ;1.640 ;67 ;103.844 ;2018
Carrão;170 ;4 ;3.701 ;204 ;;175 ;;13.713 ;;1 ;395 ;75 ;18.438 ;2018
Casa Verde;235 ;9 ;10.067 ;994 ;;110 ;;11.492 ;579 ;3 ;642 ;36 ;24.167 ;2018
Cidade Ademar;451 ;15 ;5.774 ;4.052 ;;216 ;;49.664 ;10.146 ;466 ;1.043 ;158 ;71.985 ;2018
Cidade Dutra;403 ;24 ;7.331 ;2.189 ;;133 ;;47.333 ;37.480 ;553 ;640 ;75 ;96.161 ;2018
Cidade Líder;339 ;;9.828 ;93 ;;239 ;;7.982 ;2.493 ;1 ;805 ;47 ;21.827 ;2018
Cidade Tiradentes;1.217 ;17 ;54.389 ;5.218 ;;733 ;19 ;27.849 ;2.675 ;168 ;1.887 ;58 ;94.230 ;2018
Consolação;59 ;;3.210 ;103 ;22 ;5 ;;2.531 ;;;261 ;77 ;6.268 ;2018
Cursino;160 ;3 ;21.551 ;2.363 ;;4 ;;12.119 ;4.894 ;20 ;503 ;111 ;41.728 ;2018
Ermelino Matarazzo;963 ;6 ;3.573 ;688 ;;4 ;19 ;27.907 ;1.545 ;29 ;1.000 ;332 ;36.066 ;2018
Freguesia do Ó;239 ;12 ;13.338 ;939 ;;329 ;;3.526 ;2.936 ;;931 ;81 ;22.331 ;2018
Grajaú;711 ;44 ;8.516 ;5.303 ;;181 ;;94.280 ;95.400 ;2.289 ;1.337 ;140 ;208.201 ;2018
Guaianases;522 ;9 ;3.131 ;621 ;36 ;97 ;12 ;50.273 ;12 ;;1.110 ;2 ;55.825 ;2018
Iguatemi;786 ;;24.024 ;73 ;;475 ;;18.672 ;894 ;;1.088 ;36 ;46.048 ;2018
Ipiranga;220 ;12 ;14.120 ;2.165 ;;93 ;;10.430 ;10.574 ;;879 ;164 ;38.657 ;2018
Itaim Bibi;5 ;;4.016 ;1.039 ;;28 ;;2.174 ;;4 ;187 ;116 ;7.569 ;2018
Itaim Paulista;701 ;6 ;23.313 ;1.547 ;;252 ;;22.931 ;276 ;70 ;1.651 ;147 ;50.894 ;2018
Itaquera;475 ;1 ;14.533 ;800 ;;340 ;;8.719 ;1.595 ;;814 ;61 ;27.338 ;2018
Jabaquara;321 ;66 ;32.923 ;1.031 ;19 ;62 ;;45.073 ;3.020 ;;934 ;236 ;83.685 ;2018
Jaçanã;289 ;;7.002 ;1.213 ;;95 ;;32.475 ;486 ;271 ;1.023 ;72 ;42.926 ;2018
Jaguara;215 ;;1.196 ;124 ;;25 ;;4.046 ;88 ;;61 ;17 ;5.772 ;2018
Jaguaré;106 ;3 ;2.751 ;684 ;;27 ;;2.301 ;;;120 ;24 ;6.016 ;2018
Jaraguá;561 ;30 ;18.625 ;1.566 ;;71 ;;2.431 ;5.756 ;566 ;1.381 ;347 ;31.334 ;2018
Jardim Ângela;1.628 ;24 ;18.111 ;7.156 ;20 ;225 ;;24.787 ;14.160 ;17 ;2.023 ;21 ;68.172 ;2018
Jardim Helena;371 ;9 ;2.452 ;551 ;31 ;95 ;;17.042 ;376 ;;1.193 ;;22.120 ;2018
Jardim Paulista;37 ;3 ;5.551 ;827 ;;73 ;;615 ;550 ;;175 ;62 ;7.893 ;2018
Jardim São Luís;845 ;6 ;16.564 ;5.164 ;5 ;293 ;;35.096 ;20.648 ;;1.553 ;5 ;80.179 ;2018
José Bonifácio;394 ;31 ;10.925 ;483 ;7 ;128 ;;70.499 ;4.687 ;;425 ;100 ;87.679 ;2018
Lajeado;570 ;;5.691 ;829 ;;106 ;;47.494 ;834 ;4 ;2.055 ;28 ;57.611 ;2018
Lapa;171 ;2 ;7.762 ;678 ;;104 ;;5.240 ;170 ;;226 ;61 ;14.414 ;2018
Liberdade;135 ;;5.696 ;266 ;;1 ;;9.479 ;;;173 ;103 ;15.853 ;2018
Limão;523 ;12 ;10.643 ;1.524 ;;69 ;;20.100 ;1.380 ;;741 ;29 ;35.021 ;2018
Mandaqui;253 ;6 ;15.969 ;3.068 ;;161 ;;4.380 ;1.138 ;;1.070 ;71 ;26.116 ;2018
Marsilac;87 ;;129 ;98 ;;49 ;;;25 ;4 ;97 ;1 ;490 ;2018
Moema;6 ;9 ;7.693 ;800 ;;36 ;;;648 ;;233 ;68 ;9.493 ;2018
Moóca;112 ;1 ;786 ;;4.072 ;31 ;;179 ;;5 ;356 ;77 ;5.619 ;2018
Morumbi;162 ;6 ;3.967 ;319 ;;32 ;;6.708 ;903 ;;170 ;31 ;12.298 ;2018
Parelheiros;1.526 ;17 ;5.190 ;2.363 ;;624 ;;61.261 ;21.427 ;1.299 ;1.727 ;117 ;95.551 ;2018
Pari;59 ;1 ;584 ;20 ;;19 ;;7.654 ;152 ;1 ;175 ;17 ;8.682 ;2018
Parque do Carmo;271 ;;14.008 ;262 ;;117 ;;6.679 ;151 ;;523 ;28 ;22.039 ;2018
Pedreira;590 ;6 ;3.893 ;2.040 ;;172 ;;31.579 ;7.563 ;39 ;431 ;41 ;46.354 ;2018
Penha;139 ;15 ;36.628 ;979 ;;308 ;;9.062 ;4.042 ;453 ;941 ;122 ;52.689 ;2018
Perdizes;;2 ;7.957 ;2.636 ;;27 ;;4.050 ;;;207 ;103 ;14.982 ;2018
Perus;671 ;;6.452 ;;;246 ;;29.065 ;860 ;497 ;1.894 ;15 ;39.700 ;2018
Pinheiros;50 ;3 ;3.590 ;420 ;;35 ;;7.205 ;255 ;;160 ;153 ;11.871 ;2018
Pirituba;525 ;32 ;23.724 ;1.740 ;;88 ;;3.196 ;9.995 ;1.387 ;1.502 ;514 ;42.703 ;2018
Ponte Rasa;866 ;12 ;1.474 ;212 ;14 ;;12 ;24.612 ;774 ;14 ;1.236 ;479 ;29.705 ;2018
Raposo Tavares;470 ;9 ;16.364 ;2.396 ;20 ;166 ;;26.591 ;20.513 ;269 ;560 ;29 ;67.387 ;2018
República;47 ;;3.572 ;130 ;;4 ;;3.277 ;;;241 ;62 ;7.333 ;2018
Rio Pequeno;492 ;6 ;14.386 ;1.504 ;;128 ;;32.372 ;5.512 ;374 ;578 ;28 ;55.380 ;2018
Sacomã;267 ;9 ;39.431 ;5.218 ;2.241 ;35 ;;45.981 ;13.916 ;19 ;1.481 ;144 ;108.742 ;2018
Santa Cecília;239 ;;5.692 ;166 ;;1 ;;10.044 ;;;241 ;97 ;16.480 ;2018
Santana;284 ;3 ;7.618 ;1.770 ;;202 ;;5.254 ;52 ;;1.217 ;94 ;16.494 ;2018
Santo Amaro;163 ;6 ;3.823 ;1.327 ;;123 ;;2.553 ;11.991 ;193 ;181 ;124 ;20.484 ;2018
São Domingos;188 ;8 ;8.254 ;802 ;;47 ;;923 ;3.702 ;316 ;431 ;160 ;14.831 ;2018
São Lucas;288 ;14 ;12.143 ;1.842 ;3 ;116 ;;33.629 ;1.562 ;;688 ;68 ;50.353 ;2018
São Mateus;1.471 ;;6.265 ;1.187 ;9 ;559 ;;39.630 ;473 ;1 ;1.016 ;83 ;50.694 ;2018
São Miguel;245 ;21 ;3.846 ;84 ;;147 ;;32.938 ;202 ;;335 ;2 ;37.820 ;2018
São Rafael;736 ;;7.042 ;850 ;;405 ;;20.823 ;91 ;;809 ;48 ;30.804 ;2018
Sapopemba;386 ;44 ;39.515 ;6.393 ;;202 ;;40.489 ;350 ;;1.281 ;89 ;88.749 ;2018
Saúde;115 ;9 ;18.953 ;2.039 ;;14 ;;21 ;;;596 ;187 ;21.934 ;2018
Sé;74 ;;2.284 ;;;;;1.285 ;;;98 ;12 ;3.753 ;2018
Socorro;251 ;16 ;394 ;289 ;;24 ;;7.875 ;1.492 ;;206 ;17 ;10.564 ;2018
Tatuapé;87 ;;3.533 ;467 ;818 ;60 ;;7.023 ;176 ;7 ;383 ;106 ;12.660 ;2018
Tremembé;538 ;;15.762 ;4.282 ;;67 ;;37.565 ;1.607 ;2.714 ;2.256 ;200 ;64.991 ;2018
Tucuruvi;218 ;18 ;11.369 ;1.225 ;;111 ;;2.700 ;836 ;;1.235 ;117 ;17.829 ;2018
Vila Andrade;287 ;;6.767 ;4.377 ;;45 ;;5.954 ;2.344 ;1 ;612 ;35 ;20.422 ;2018
Vila Curuçá;676 ;4 ;18.642 ;380 ;;137 ;;38.144 ;55 ;;896 ;147 ;59.081 ;2018
Vila Formosa;187 ;6 ;3.394 ;218 ;;97 ;;15.118 ;2 ;7 ;326 ;33 ;19.388 ;2018
Vila Guilherme;54 ;9 ;4.342 ;568 ;;46 ;;131 ;;4 ;515 ;10 ;5.679 ;2018
Vila Jacuí;320 ;9 ;6.245 ;440 ;;77 ;;37.878 ;217 ;;863 ;2 ;46.051 ;2018
Vila Leopoldina;222 ;;1.614 ;400 ;;29 ;;3.596 ;411 ;;169 ;22 ;6.463 ;2018
Vila Maria;114 ;6 ;9.914 ;678 ;;114 ;;1.530 ;93 ;122 ;699 ;32 ;13.302 ;2018
Vila Mariana;35 ;9 ;15.984 ;1.364 ;;62 ;;514 ;;;265 ;155 ;18.388 ;2018
Vila Matilde;147 ;12 ;23.527 ;2.109 ;268 ;332 ;;8.216 ;2.646 ;17 ;522 ;96 ;37.892 ;2018
Vila Medeiros;109 ;15 ;15.674 ;1.760 ;;82 ;;7.475 ;160 ;34 ;1.089 ;39 ;26.437 ;2018
Vila Prudente;138 ;10 ;10.413 ;2.141 ;;128 ;;25.216 ;93 ;;608 ;74 ;38.821 ;2018
Vila Sônia;298 ;17 ;21.396 ;2.504 ;;118 ;;23.632 ;898 ;;281 ;28 ;49.172 ;2018
TOTAL 2019;36.747 ;617 ;2.282.895 ;217.572 ;22.218 ;13.206 ;23 ;939.832 ;92.590 ;22.673 ;69.247 ;11.820 ;3.709.440 ;2019
Água Rasa;215 ;;2.753 ;825 ;;51 ;;1.353 ;;;412 ;187 ;5.796 ;2019
Alto de Pinheiros;;6 ;3.474 ;159 ;;29 ;;683 ;;;81 ;86 ;4.518 ;2019
Anhanguera;630 ;;24.451 ;;;155 ;;15.250 ;2.056 ;1.326 ;1.125 ;31 ;45.024 ;2019
Aricanduva;272 ;;11.523 ;409 ;652 ;12 ;;7.532 ;327 ;;250 ;118 ;21.095 ;2019
Artur Alvim;167 ;9 ;40.116 ;1.805 ;1.559 ;450 ;;4.075 ;16 ;;526 ;100 ;48.823 ;2019
Barra Funda;140 ;4 ;2.600 ;196 ;1 ;24 ;;479 ;;;1 ;49 ;3.494 ;2019
Bela Vista;69 ;;3.751 ;1.176 ;;65 ;;5.164 ;;;225 ;71 ;10.521 ;2019
Belém;49 ;;1.753 ;122 ;563 ;13 ;3 ;1.814 ;74 ;1 ;304 ;75 ;4.771 ;2019
Bom Retiro;153 ;;3.295 ;1.030 ;;10 ;;6.555 ;;;77 ;73 ;11.193 ;2019
Brás;45 ;;792 ;;;15 ;;3.725 ;114 ;;100 ;93 ;4.884 ;2019
Brasilândia;730 ;14 ;45.078 ;3.676 ;9 ;354 ;;6.208 ;1.362 ;302 ;1.702 ;153 ;59.588 ;2019
Butantã;249 ;22 ;18.033 ;1.188 ;;147 ;;18.458 ;439 ;2 ;405 ;41 ;38.984 ;2019
Cachoeirinha;473 ;;39.914 ;2.819 ;;123 ;;26.580 ;;12 ;1.066 ;94 ;71.081 ;2019
Cambuci;184 ;;3.303 ;;;3 ;;8.066 ;;;245 ;128 ;11.929 ;2019
Campo Belo;168 ;17 ;3.321 ;186 ;;47 ;;4.530 ;39 ;;195 ;123 ;8.626 ;2019
Campo Grande;139 ;3 ;7.832 ;533 ;3 ;88 ;;5.524 ;30 ;70 ;71 ;104 ;14.397 ;2019
Campo Limpo;828 ;40 ;75.212 ;7.472 ;;198 ;;7.196 ;260 ;4 ;1.333 ;24 ;92.567 ;2019
Cangaíba;177 ;30 ;67.441 ;2.469 ;377 ;420 ;;2.797 ;237 ;;1.035 ;90 ;75.073 ;2019
Capão Redondo;1.137 ;23 ;102.950 ;17.903 ;;251 ;;10.531 ;31 ;2 ;1.779 ;20 ;134.627 ;2019
Carrão;112 ;;12.448 ;115 ;1.387 ;217 ;;10.427 ;1.701 ;;422 ;154 ;26.983 ;2019
Casa Verde;182 ;;23.027 ;2.535 ;;90 ;;8.482 ;;1 ;569 ;136 ;35.022 ;2019
Cidade Ademar;705 ;9 ;45.798 ;3.303 ;;230 ;;34.824 ;100 ;;951 ;189 ;86.109 ;2019
Cidade Dutra;741 ;12 ;55.272 ;6.636 ;;278 ;;26.789 ;696 ;4.107 ;482 ;154 ;95.167 ;2019
Cidade Líder;333 ;;17.438 ;2.516 ;1.367 ;157 ;;1.880 ;294 ;2 ;637 ;99 ;24.723 ;2019
Cidade Tiradentes;1.235 ;10 ;25.230 ;2.974 ;457 ;972 ;;19.165 ;1.072 ;145 ;1.850 ;73 ;53.183 ;2019
Consolação;111 ;;2.486 ;976 ;;17 ;;2.879 ;;;211 ;64 ;6.744 ;2019
Cursino;219 ;6 ;30.891 ;4.137 ;;31 ;;7.062 ;280 ;;618 ;201 ;43.445 ;2019
Ermelino Matarazzo;1.276 ;4 ;22.907 ;3.433 ;;369 ;;19.752 ;2.760 ;8 ;1.218 ;218 ;51.945 ;2019
Freguesia do Ó;293 ;8 ;22.671 ;2.120 ;;264 ;;14.215 ;1.025 ;10 ;1.193 ;149 ;41.948 ;2019
Grajaú;1.280 ;25 ;125.499 ;13.763 ;;376 ;;38.008 ;1.006 ;6.758 ;1.325 ;184 ;188.224 ;2019
Guaianases;565 ;2 ;21.936 ;3.271 ;4.528 ;129 ;;20.745 ;17 ;5 ;1.295 ;39 ;52.532 ;2019
Iguatemi;721 ;6 ;13.161 ;971 ;;459 ;;3.768 ;;;932 ;101 ;20.119 ;2019
Ipiranga;148 ;10 ;27.432 ;1.335 ;;121 ;;11.845 ;937 ;2.852 ;439 ;247 ;45.366 ;2019
Itaim Bibi;23 ;6 ;6.351 ;338 ;;56 ;;1.512 ;;2 ;177 ;171 ;8.636 ;2019
Itaim Paulista;706 ;;42.899 ;2.051 ;;222 ;;14.009 ;86 ;;1.532 ;213 ;61.718 ;2019
Itaquera;567 ;;28.435 ;2.526 ;44 ;162 ;;4.984 ;780 ;;925 ;193 ;38.616 ;2019
Jabaquara;332 ;13 ;56.060 ;2.908 ;;51 ;;9.393 ;101 ;;833 ;207 ;69.898 ;2019
Jaçanã;341 ;;12.000 ;3.311 ;986 ;84 ;;14.549 ;123 ;356 ;1.078 ;64 ;32.892 ;2019
Jaguara;208 ;2 ;4.870 ;516 ;;44 ;;1.448 ;;4 ;31 ;66 ;7.189 ;2019
Jaguaré;102 ;2 ;5.170 ;703 ;;44 ;;924 ;;3 ;33 ;53 ;7.034 ;2019
Jaraguá;533 ;9 ;8.133 ;1.239 ;;66 ;;956 ;11.417 ;655 ;904 ;466 ;24.378 ;2019
Jardim Ângela;1.633 ;3 ;90.300 ;14.923 ;1 ;264 ;;5.242 ;707 ;;1.846 ;138 ;115.057 ;2019
Jardim Helena;462 ;4 ;25.515 ;154 ;;50 ;;8.016 ;395 ;;764 ;4 ;35.364 ;2019
Jardim Paulista;28 ;2 ;7.071 ;493 ;;63 ;;1.541 ;;2 ;106 ;163 ;9.469 ;2019
Jardim São Luís;844 ;7 ;67.919 ;8.618 ;;296 ;;12.980 ;398 ;;1.376 ;154 ;92.592 ;2019
José Bonifácio;243 ;;26.027 ;2.255 ;;63 ;;41.502 ;1.948 ;;515 ;73 ;72.626 ;2019
Lajeado;822 ;9 ;36.885 ;5.962 ;3.344 ;148 ;;32.376 ;1.083 ;4 ;1.971 ;35 ;82.639 ;2019
Lapa;115 ;4 ;8.804 ;1.192 ;;115 ;;2.221 ;;11 ;139 ;165 ;12.766 ;2019
Liberdade;178 ;;5.307 ;762 ;;28 ;;3.798 ;201 ;;148 ;104 ;10.526 ;2019
Limão;401 ;;15.425 ;2.389 ;;86 ;;19.045 ;;;764 ;72 ;38.182 ;2019
Mandaqui;275 ;6 ;27.180 ;4.003 ;1.431 ;74 ;;38 ;;;1.100 ;86 ;34.193 ;2019
Marsilac;105 ;;75 ;27 ;335 ;30 ;;1.276 ;;;158 ;4 ;2.010 ;2019
Moema;7 ;6 ;8.296 ;217 ;;28 ;;7.489 ;;;194 ;126 ;16.363 ;2019
Moóca;158 ;;694 ;121 ;;13 ;;1.770 ;48 ;;276 ;92 ;3.172 ;2019
Morumbi;149 ;2 ;5.595 ;118 ;;13 ;;2.577 ;301 ;16 ;129 ;46 ;8.946 ;2019
Parelheiros;1.660 ;12 ;31.093 ;9.759 ;688 ;315 ;;38.373 ;;3.542 ;1.717 ;143 ;87.302 ;2019
Pari;89 ;;1.187 ;119 ;;15 ;;6.440 ;1 ;;151 ;9 ;8.011 ;2019
Parque do Carmo;310 ;;9.477 ;1.299 ;;56 ;;1.753 ;261 ;;299 ;72 ;13.527 ;2019
Pedreira;551 ;4 ;28.065 ;2.198 ;139 ;100 ;;13.691 ;248 ;127 ;451 ;71 ;45.645 ;2019
Penha;129 ;8 ;50.305 ;2.640 ;5 ;318 ;;10.945 ;83 ;73 ;1.215 ;219 ;65.940 ;2019
Perdizes;;6 ;16.060 ;1.681 ;;35 ;;2.627 ;1.686 ;3 ;134 ;196 ;22.428 ;2019
Perus;967 ;;20.792 ;;413 ;287 ;;40.187 ;3.647 ;1.307 ;1.763 ;31 ;69.394 ;2019
Pinheiros;73 ;4 ;9.049 ;435 ;101 ;53 ;;3.381 ;;7 ;116 ;132 ;13.351 ;2019
Pirituba;412 ;18 ;24.967 ;1.354 ;12 ;61 ;;6.798 ;28.523 ;542 ;1.290 ;842 ;64.819 ;2019
Ponte Rasa;1.109 ;6 ;18.594 ;3.045 ;;239 ;;12.629 ;495 ;;1.315 ;57 ;37.489 ;2019
Raposo Tavares;431 ;3 ;29.449 ;2.196 ;;128 ;;16.912 ;1.911 ;;373 ;33 ;51.436 ;2019
República;69 ;;5.042 ;1.035 ;;13 ;;3.240 ;;;326 ;89 ;9.814 ;2019
Rio Pequeno;521 ;5 ;34.565 ;2.615 ;;96 ;;21.444 ;879 ;67 ;494 ;52 ;60.738 ;2019
Sacomã;175 ;15 ;84.563 ;5.871 ;121 ;57 ;;12.323 ;1.703 ;;1.577 ;244 ;106.649 ;2019
Santa Cecília;248 ;;8.607 ;2.731 ;831 ;21 ;;6.084 ;;;333 ;137 ;18.992 ;2019
Santana;246 ;12 ;13.495 ;1.065 ;12 ;101 ;;387 ;;;1.201 ;141 ;16.660 ;2019
Santo Amaro;181 ;3 ;4.159 ;278 ;;92 ;;307 ;;;402 ;161 ;5.583 ;2019
São Domingos;297 ;6 ;27.852 ;1.308 ;;41 ;;214 ;5.858 ;235 ;852 ;381 ;37.044 ;2019
São Lucas;230 ;33 ;16.092 ;1.433 ;;130 ;;6.110 ;812 ;;812 ;124 ;25.776 ;2019
São Mateus;1.459 ;6 ;22.485 ;2.476 ;;573 ;;15.676 ;841 ;4 ;1.070 ;154 ;44.744 ;2019
São Miguel;353 ;6 ;18.671 ;;117 ;88 ;;17.688 ;15 ;1 ;602 ;2 ;37.543 ;2019
São Rafael;721 ;8 ;14.488 ;820 ;;458 ;;2.687 ;;;732 ;61 ;19.975 ;2019
Sapopemba;413 ;9 ;59.157 ;6.945 ;;440 ;;27.293 ;3.065 ;;1.402 ;156 ;98.880 ;2019
Saúde;77 ;12 ;29.685 ;977 ;;16 ;;2.779 ;;;446 ;203 ;34.195 ;2019
Sé;60 ;;1.678 ;337 ;;7 ;;1.365 ;;;72 ;39 ;3.558 ;2019
Socorro;354 ;6 ;3.466 ;;;62 ;;3.010 ;1.153 ;52 ;60 ;40 ;8.203 ;2019
Tatuapé;162 ;;4.013 ;471 ;20 ;46 ;;4.898 ;;;350 ;167 ;10.127 ;2019
Tremembé;504 ;;17.069 ;3.480 ;787 ;68 ;;38.550 ;118 ;13 ;2.607 ;93 ;63.289 ;2019
Tucuruvi;173 ;6 ;16.512 ;2.144 ;16 ;67 ;;2.106 ;27 ;;1.297 ;192 ;22.540 ;2019
Vila Andrade;307 ;29 ;19.791 ;776 ;;75 ;;62 ;;12 ;470 ;7 ;21.529 ;2019
Vila Curuçá;626 ;;47.644 ;1.759 ;;149 ;20 ;15.072 ;744 ;;917 ;237 ;67.168 ;2019
Vila Formosa;203 ;;9.062 ;386 ;829 ;127 ;;3.238 ;140 ;;552 ;228 ;14.765 ;2019
Vila Guilherme;133 ;8 ;6.515 ;1.193 ;;29 ;;10.364 ;1.052 ;2 ;499 ;;19.795 ;2019
Vila Jacuí;400 ;8 ;35.648 ;1.200 ;130 ;29 ;;11.171 ;;;1.021 ;3 ;49.610 ;2019
Vila Leopoldina;183 ;4 ;4.096 ;115 ;371 ;44 ;;834 ;;6 ;167 ;69 ;5.889 ;2019
Vila Maria;173 ;4 ;17.115 ;2.383 ;;29 ;;92 ;2.096 ;;893 ;5 ;22.790 ;2019
Vila Mariana;31 ;12 ;27.420 ;536 ;;27 ;;831 ;;;286 ;242 ;29.385 ;2019
Vila Matilde;108 ;8 ;44.486 ;2.371 ;582 ;294 ;;5.595 ;58 ;;832 ;231 ;54.565 ;2019
Vila Medeiros;149 ;8 ;14.960 ;718 ;;23 ;;4.088 ;1.320 ;;1.203 ;;22.469 ;2019
Vila Prudente;100 ;12 ;7.937 ;860 ;;154 ;;11.256 ;2.696 ;20 ;477 ;119 ;23.631 ;2019
Vila Sônia;382 ;1 ;34.785 ;1.684 ;;78 ;;13.325 ;697 ;;398 ;75 ;51.425 ;2019
TOTAL 2020;33.473 ;1.769 ;798.529 ;155.949 ;24.572 ;7.568 ;40 ;2.063.353 ;448.155 ;9.277 ;18.252 ;7.479 ;3.568.416 ;2020
Água Rasa;156 ;20 ;2.186 ;28 ;;50 ;;12.295 ;1.371 ;;88 ;81 ;16.275 ;2020
Alto de Pinheiros;3 ;;1.729 ;;;24 ;;3.918 ;313 ;1 ;33 ;198 ;6.219 ;2020
Anhanguera;659 ;;1.132 ;;;3 ;;8.957 ;1.917 ;271 ;532 ;111 ;13.582 ;2020
Aricanduva;110 ;;1.394 ;86 ;;49 ;;17.901 ;59 ;2 ;67 ;68 ;19.736 ;2020
Artur Alvim;125 ;;34.865 ;11.790 ;;175 ;;14.348 ;512 ;;91 ;38 ;61.944 ;2020
Barra Funda;136 ;;1.394 ;;;27 ;;880 ;;1 ;21 ;22 ;2.481 ;2020
Bela Vista;54 ;;1.710 ;195 ;;26 ;;5.267 ;;;66 ;58 ;7.376 ;2020
Belém;36 ;;2.007 ;19 ;;51 ;20 ;9.001 ;;;34 ;49 ;11.217 ;2020
Bom Retiro;129 ;;1.066 ;448 ;;46 ;;15.285 ;;;26 ;43 ;17.043 ;2020
Brás;50 ;;773 ;39 ;;19 ;;9.571 ;140 ;;43 ;39 ;10.674 ;2020
Brasilândia;621 ;1.634 ;47.156 ;;72 ;439 ;;53.281 ;1.861 ;210 ;457 ;57 ;105.788 ;2020
Butantã;144 ;12 ;7.437 ;609 ;;155 ;;29.282 ;1.123 ;5 ;28 ;126 ;38.921 ;2020
Cachoeirinha;428 ;;8.386 ;4.280 ;;110 ;;17.985 ;348 ;;334 ;27 ;31.898 ;2020
Cambuci;125 ;;1.190 ;381 ;;17 ;;14.883 ;;;;69 ;16.665 ;2020
Campo Belo;124 ;;1.427 ;98 ;;44 ;;4.373 ;267 ;;79 ;72 ;6.484 ;2020
Campo Grande;191 ;1 ;4.239 ;1.308 ;;92 ;;4.512 ;128 ;47 ;113 ;77 ;10.708 ;2020
Campo Limpo;587 ;;16.586 ;5.110 ;;201 ;;55.070 ;74 ;16 ;290 ;73 ;78.007 ;2020
Cangaíba;159 ;;30.713 ;9.158 ;;270 ;20 ;11.689 ;840 ;;323 ;51 ;53.223 ;2020
Capão Redondo;835 ;26 ;24.341 ;7.602 ;20 ;247 ;;74.610 ;627 ;4 ;268 ;90 ;108.670 ;2020
Carrão;53 ;;2.053 ;383 ;17 ;92 ;;23.978 ;;;75 ;107 ;26.758 ;2020
Casa Verde;207 ;;3.905 ;2.377 ;;94 ;;24 ;1.256 ;;130 ;42 ;8.035 ;2020
Cidade Ademar;672 ;;11.081 ;2.723 ;702 ;186 ;;10.587 ;505 ;17 ;212 ;131 ;26.816 ;2020
Cidade Dutra;688 ;;11.302 ;5.153 ;;193 ;;73.543 ;39.458 ;2 ;159 ;61 ;130.559 ;2020
Cidade Líder;494 ;;3.023 ;807 ;;29 ;;42.474 ;1.537 ;;164 ;33 ;48.561 ;2020
Cidade Tiradentes;1.095 ;;5.203 ;;19.701 ;22 ;;47.978 ;145 ;851 ;502 ;;75.497 ;2020
Consolação;103 ;;542 ;61 ;;31 ;;8.201 ;;;39 ;46 ;9.023 ;2020
Cursino;171 ;;4.801 ;1.981 ;;;;37.958 ;;935 ;179 ;91 ;46.116 ;2020
Ermelino Matarazzo;700 ;;22.449 ;3.881 ;;34 ;;20.571 ;;;405 ;6 ;48.046 ;2020
Freguesia do Ó;214 ;1 ;25.838 ;20 ;;286 ;;37.905 ;1.995 ;;263 ;36 ;66.558 ;2020
Grajaú;1.117 ;25 ;17.794 ;6.550 ;;289 ;;136.368 ;80.726 ;4 ;394 ;70 ;243.337 ;2020
Guaianases;812 ;;7.755 ;2.504 ;;;;36.114 ;;21 ;395 ;4 ;47.605 ;2020
Iguatemi;728 ;;1.933 ;254 ;2 ;;;34.582 ;2 ;;322 ;51 ;37.874 ;2020
Ipiranga;143 ;11 ;2.204 ;708 ;;71 ;;51.381 ;18 ;834 ;160 ;88 ;55.618 ;2020
Itaim Bibi;10 ;;3.340 ;94 ;;60 ;;3.261 ;20 ;170 ;2 ;261 ;7.218 ;2020
Itaim Paulista;726 ;;10.248 ;617 ;;137 ;;267 ;61.062 ;20 ;422 ;85 ;73.584 ;2020
Itaquera;845 ;;4.870 ;146 ;183 ;32 ;;104.039 ;7.914 ;3 ;463 ;100 ;118.595 ;2020
Jabaquara;355 ;;16.703 ;2.910 ;;88 ;;61.954 ;;37 ;199 ;117 ;82.363 ;2020
Jaçanã;390 ;;3.383 ;234 ;;35 ;;8.065 ;14.599 ;218 ;228 ;24 ;27.176 ;2020
Jaguara;141 ;;2.932 ;;;26 ;;1.289 ;;196 ;;18 ;4.602 ;2020
Jaguaré;84 ;;6.551 ;257 ;;57 ;;3.475 ;;2 ;21 ;40 ;10.487 ;2020
Jaraguá;608 ;;16.294 ;;;27 ;;4.745 ;17.646 ;214 ;394 ;349 ;40.277 ;2020
Jardim Ângela;1.477 ;20 ;34.121 ;9.229 ;8 ;216 ;;46.205 ;506 ;;576 ;83 ;92.441 ;2020
Jardim Helena;650 ;;2.723 ;;51 ;3 ;;3.540 ;35.057 ;;113 ;2 ;42.139 ;2020
Jardim Paulista;21 ;;6.345 ;205 ;15 ;47 ;;9.862 ;;385 ;49 ;84 ;17.013 ;2020
Jardim São Luís;857 ;1 ;33.430 ;15.441 ;;255 ;;36.099 ;224 ;;373 ;96 ;86.776 ;2020
José Bonifácio;346 ;;944 ;80 ;1.521 ;10 ;;30.086 ;1.219 ;;96 ;18 ;34.320 ;2020
Lajeado;1.048 ;;13.020 ;3.677 ;524 ;5 ;;105.940 ;33 ;;381 ;14 ;124.642 ;2020
Lapa;97 ;;7.007 ;;;118 ;;10.148 ;;214 ;30 ;124 ;17.738 ;2020
Liberdade;146 ;;1.926 ;157 ;;30 ;;18.994 ;;;50 ;108 ;21.411 ;2020
Limão;433 ;;7.607 ;3.295 ;;85 ;;;1.788 ;;145 ;46 ;13.399 ;2020
Mandaqui;189 ;;7.074 ;3.603 ;;4 ;;;9 ;;415 ;35 ;11.329 ;2020
Marsilac;112 ;;1 ;;;24 ;;711 ;;;105 ;;953 ;2020
Moema;;;3.280 ;687 ;;24 ;;176 ;;1 ;22 ;90 ;4.280 ;2020
Moóca;143 ;;1.161 ;208 ;;20 ;;4.558 ;105 ;;61 ;64 ;6.320 ;2020
Morumbi;86 ;;3.471 ;;;64 ;;7.697 ;90 ;11 ;49 ;129 ;11.597 ;2020
Parelheiros;1.618 ;;4.010 ;1.884 ;43 ;323 ;;51.294 ;;909 ;345 ;74 ;60.500 ;2020
Pari;55 ;;906 ;;;41 ;;9.440 ;96 ;3 ;24 ;9 ;10.574 ;2020
Parque do Carmo;450 ;;1.675 ;;16 ;20 ;;27.669 ;1.556 ;;144 ;26 ;31.556 ;2020
Pedreira;424 ;;5.608 ;856 ;39 ;183 ;;7.866 ;94 ;148 ;71 ;83 ;15.372 ;2020
Penha;113 ;;32.982 ;9.404 ;;190 ;;7.222 ;768 ;;358 ;89 ;51.126 ;2020
Perdizes;3 ;;7.647 ;49 ;;39 ;;6.244 ;;;65 ;106 ;14.153 ;2020
Perus;588 ;;3.344 ;;;87 ;;12.768 ;82 ;1.104 ;357 ;394 ;18.724 ;2020
Pinheiros;62 ;;3.204 ;;;43 ;;7.119 ;3.695 ;1 ;;343 ;14.467 ;2020
Pirituba;357 ;;18.172 ;1 ;;79 ;;1.339 ;2.730 ;774 ;372 ;419 ;24.243 ;2020
Ponte Rasa;491 ;;15.477 ;3.697 ;;34 ;;18.389 ;153 ;1 ;153 ;;38.395 ;2020
Raposo Tavares;360 ;;10.511 ;1.596 ;12 ;182 ;;36.071 ;430 ;;156 ;30 ;49.348 ;2020
República;55 ;;1.005 ;250 ;;17 ;;6.439 ;;;81 ;42 ;7.889 ;2020
Rio Pequeno;353 ;;15.164 ;2.935 ;;136 ;;36.991 ;223 ;160 ;78 ;109 ;56.149 ;2020
Sacomã;246 ;;5.160 ;2.469 ;20 ;3 ;;48.315 ;;924 ;417 ;65 ;57.619 ;2020
Santa Cecília;259 ;;2.932 ;993 ;;13 ;;7.162 ;;;84 ;112 ;11.555 ;2020
Santana;215 ;;2.161 ;178 ;;13 ;;;;1 ;218 ;37 ;2.823 ;2020
Santo Amaro;162 ;;2.851 ;;;89 ;;1.397 ;31 ;;;91 ;4.621 ;2020
São Domingos;248 ;;8.585 ;;;8 ;;492 ;6.013 ;143 ;314 ;237 ;16.040 ;2020
São Lucas;204 ;;5.027 ;641 ;;84 ;;27.460 ;7.466 ;15 ;128 ;67 ;41.092 ;2020
São Mateus;1.413 ;;3.937 ;1.201 ;;;;56.406 ;;;199 ;90 ;63.246 ;2020
São Miguel;466 ;;12.773 ;1.538 ;;16 ;;9.667 ;13.139 ;;134 ;;37.733 ;2020
São Rafael;679 ;;2.833 ;989 ;;1 ;;33.118 ;;;166 ;45 ;37.831 ;2020
Sapopemba;397 ;;5.624 ;280 ;;256 ;;66.104 ;30.895 ;;276 ;101 ;103.933 ;2020
Saúde;57 ;;10.831 ;1.567 ;;19 ;;;;;165 ;173 ;12.812 ;2020
Sé;50 ;;1.028 ;647 ;;17 ;;4.090 ;;;45 ;6 ;5.883 ;2020
Socorro;280 ;;2.017 ;878 ;;47 ;;13.272 ;3.446 ;;15 ;32 ;19.987 ;2020
Tatuapé;64 ;;1.912 ;399 ;;69 ;;33.600 ;109 ;;74 ;57 ;36.284 ;2020
Tremembé;643 ;18 ;14.319 ;2.955 ;640 ;42 ;;9.939 ;19.963 ;183 ;944 ;7 ;49.653 ;2020
Tucuruvi;140 ;;5.671 ;2.273 ;;4 ;;;;1 ;105 ;34 ;8.228 ;2020
Vila Andrade;203 ;;3.491 ;747 ;;79 ;;1.866 ;;2 ;256 ;21 ;6.665 ;2020
Vila Curuçá;569 ;;9.174 ;501 ;;35 ;;105 ;43.524 ;13 ;293 ;94 ;54.308 ;2020
Vila Formosa;29 ;;1.834 ;;287 ;31 ;;7.638 ;;;122 ;57 ;9.998 ;2020
Vila Guilherme;108 ;;2.527 ;;;42 ;;2.756 ;414 ;5 ;130 ;;5.982 ;2020
Vila Jacuí;515 ;;12.077 ;183 ;;9 ;;8.134 ;27.156 ;;366 ;2 ;48.442 ;2020
Vila Leopoldina;157 ;;1.957 ;;;39 ;;3.257 ;168 ;157 ;48 ;69 ;5.852 ;2020
Vila Maria;130 ;;10.472 ;;;12 ;;30.473 ;21 ;15 ;168 ;;41.291 ;2020
Vila Mariana;31 ;;5.621 ;1.079 ;;34 ;;11 ;;1 ;75 ;96 ;6.948 ;2020
Vila Matilde;76 ;;25.502 ;4.879 ;699 ;156 ;;7.550 ;161 ;;134 ;81 ;39.238 ;2020
Vila Medeiros;231 ;;12.299 ;;;91 ;;8.370 ;;2 ;277 ;;21.270 ;2020
Vila Prudente;92 ;;2.878 ;661 ;;71 ;;25.195 ;10.227 ;;263 ;131 ;39.518 ;2020
Vila Sônia;247 ;;7.286 ;826 ;;175 ;;42.242 ;101 ;23 ;146 ;48 ;51.094 ;2020
Total Geral;291.829 ;4.193 ;14.191.815 ;1.481.756 ;355.231 ;129.726 ;7.232 ;15.093.830 ;1.877.478 ;270.019 ;984.412 ;146.210 ;34.833.731 ;TOTAL_GERAL
